Sample,Timestamp,User Count,Type,Name,Requests/s,Failures/s,50%,66%,75%,80%,90%,95%,98%,99%,99.9%,99.99%,100%,Total Request Count,Total Failure Count,Total Median Response Time,Total Average Response Time,Total Min Response Time,Total Max Response Time,Total Average Content Size,Captured Timestamp,CPU,Memory,Cache Hits,Cache Misses,Cache Size,Cache Hits/s,Cache Misses/s,Cache Requests/s,Cache Hit Ratio,Cache Avg Latency
0,1786856756,0,,Aggregated,0.0,0.0,,,,,,,,,,,,0,0,0,0.0,0.0,0.0,0.0,2026-08-16 05:05:56,0.0,12.0,0.0,0.0,0.0,0.0,0.0,0.0,0.0,0.0
1,1786856757,2,,Aggregated,0.0,0.0,320.0,320.0,320.0,320.0,320.0,320.0,320.0,320.0,320.0,320.0,320.0,2,0,310,314.30390002788045,308.1763000227511,320.4315000330098,820.0,2026-08-16 05:05:57,0.0,12.0,0.0,0.0,0.0,0.0,0.0,0.0,0.0,10.0
2,1786856758,4,,Aggregated,0.0,0.0,320.0,320.0,550.0,550.0,560.0,560.0,560.0,560.0,560.0,560.0,560.0,6,0,310,371.4677833389336,192.44119996437803,555.7076999684796,820.0,2026-08-16 05:05:58,0.0,12.0,0.0,2.0,0.0,0.0,2.0,2.0,0.0,202.0
3,1786856759,8,,Aggregated,2.0,0.0,330.0,540.0,550.0,550.0,560.0,840.0,840.0,840.0,840.0,840.0,840.0,12,0,320,390.4642750082227,25.312099955044687,840.1741000125185,752.25,2026-08-16 05:05:59,0.0,12.0,0.0,6.0,0.0,0.0,4.0,4.0,0.0,308.0
4,1786856760,10,,Aggregated,3.0,0.0,430.0,550.0,560.0,820.0,840.0,930.0,930.0,930.0,930.0,930.0,930.0,17,1,430,470.8941588315236,25.312099955044687,926.0180999990552,723.9411764705883,2026-08-16 05:06:00,0.0,12.0,0.0,11.0,0.0,0.0,5.0,5.0,0.0,311.0
5,1786856761,10,,Aggregated,3.666667,0.0,540.0,690.0,840.0,840.0,1000.0,1000.0,1100.0,1100.0,1100.0,1100.0,1100.0,24,1,540,537.6656708419129,25.312099955044687,1052.2829000256024,717.4583333333334,2026-08-16 05:06:01,0.0,12.0,0.0,20.0,0.0,0.0,9.0,9.0,0.0,329.0
6,1786856762,10,,Aggregated,3.5,0.0,560.0,840.0,1000.0,1100.0,1300.0,1500.0,1600.0,1600.0,1600.0,1600.0,1600.0,32,1,550,680.0199468834762,25.312099955044687,1562.6562000252306,741.84375,2026-08-16 05:06:02,0.0,12.0,0.0,29.0,0.0,0.0,9.0,9.0,0.0,461.0
7,1786856763,10,,Aggregated,4.4,0.2,800.0,1000.0,1200.0,1200.0,1300.0,1600.0,1600.0,1600.0,1600.0,1600.0,1600.0,40,1,710,737.8549475062755,14.444899978116156,1583.165900025051,736.275,2026-08-16 05:06:03,0.0,12.0,0.0,39.0,0.0,0.0,10.0,10.0,0.0,602.0
8,1786856764,10,,Aggregated,5.0,0.166667,820.0,1100.0,1200.0,1300.0,1600.0,1800.0,2500.0,2500.0,2500.0,2500.0,2500.0,47,1,820,864.847921280864,14.444899978116156,2539.61460001301,730.8085106382979,2026-08-16 05:06:04,0.0,12.0,0.0,45.0,0.0,0.0,6.0,6.0,0.0,651.0
9,1786856765,10,,Aggregated,5.285714,0.142857,840.0,1100.0,1200.0,1300.0,1600.0,1800.0,2500.0,2500.0,2500.0,2500.0,2500.0,56,1,840,883.1904267904714,14.444899978116156,2539.61460001301,744.3392857142857,2026-08-16 05:06:05,0.0,12.0,0.0,52.0,0.0,0.0,7.0,7.0,0.0,764.0
10,1786856766,10,,Aggregated,5.625,0.125,820.0,1100.0,1200.0,1300.0,1600.0,1600.0,2500.0,2500.0,2500.0,2500.0,2500.0,66,1,810,852.5740000045379,13.84259999031201,2539.61460001301,718.2424242424242,2026-08-16 05:06:06,0.0,12.0,0.0,61.0,0.0,0.0,9.0,9.0,0.0,832.0
11,1786856767,20,,Aggregated,5.888889,0.111111,810.0,1100.0,1300.0,1300.0,1600.0,1800.0,2500.0,2500.0,2500.0,2500.0,2500.0,75,1,810,853.3864853368141,13.76270002219826,2539.61460001301,701.7866666666666,2026-08-16 05:06:07,0.0,12.0,0.0,65.0,0.0,0.0,4.0,4.0,0.0,819.0
12,1786856768,20,,Aggregated,6.2,0.1,820.0,1200.0,1300.0,1300.0,1600.0,1800.0,2500.0,2500.0,2500.0,2500.0,2500.0,86,1,810,838.8975511669171,13.76270002219826,2539.61460001301,676.6162790697674,2026-08-16 05:06:08,83.0,19.0,1.0,76.0,0.0,1.0,11.0,12.0,0.0833333333333333,808.0
13,1786856769,20,,Aggregated,7.2,0.1,840.0,1200.0,1300.0,1400.0,1600.0,2200.0,2500.0,2500.0,2500.0,2500.0,2500.0,94,1,840,884.2744297908986,13.76270002219826,2539.61460001301,671.1489361702128,2026-08-16 05:06:09,83.0,19.0,2.0,91.0,0.0,1.0,15.0,16.0,0.0625,791.0
14,1786856770,20,,Aggregated,7.9,0.1,840.0,1200.0,1300.0,1400.0,1700.0,2200.0,2500.0,2700.0,3100.0,3100.0,3100.0,104,1,820,878.8507192327345,12.764299986883998,3128.828299988527,680.5576923076923,2026-08-16 05:06:11,83.0,19.0,2.0,97.0,0.0,0.0,6.0,6.0,0.0,794.0
15,1786856771,20,,Aggregated,8.0,0.1,800.0,1200.0,1400.0,1600.0,2200.0,2700.0,3200.0,3200.0,3200.0,3200.0,3200.0,138,1,750,917.4169500006626,12.764299986883998,3249.153600016143,702.5072463768116,2026-08-16 05:06:12,83.0,19.0,4.0,103.0,0.0,2.0,6.0,8.0,0.25,816.0
16,1786856772,20,,Aggregated,8.4,0.1,550.0,1100.0,1300.0,1500.0,2200.0,2600.0,3100.0,3200.0,3200.0,3200.0,3200.0,158,1,540,804.418415823639,12.764299986883998,3249.153600016143,696.1772151898734,2026-08-16 05:06:13,83.0,19.0,18.0,104.0,0.0,14.0,1.0,15.0,0.9333333333333332,860.0
17,1786856773,20,,Aggregated,10.6,0.0,320.0,980.0,1200.0,1400.0,2000.0,2600.0,3100.0,3200.0,3200.0,3200.0,3200.0,178,1,310,716.8337938204418,12.764299986883998,3249.153600016143,689.1966292134831,2026-08-16 05:06:14,83.0,19.0,38.0,105.0,0.0,20.0,1.0,21.0,0.9523809523809524,799.0
18,1786856774,20,,Aggregated,12.0,0.0,50.0,810.0,1200.0,1300.0,1800.0,2500.0,3100.0,3200.0,3200.0,3200.0,3200.0,199,1,50,643.6922698493476,12.764299986883998,3249.153600016143,680.2663316582915,2026-08-16 05:06:15,83.0,19.0,52.0,108.0,0.0,14.0,3.0,17.0,0.8235294117647058,703.0
19,1786856775,20,,Aggregated,13.3,0.0,38.0,660.0,1100.0,1200.0,1800.0,2500.0,3100.0,3200.0,3200.0,3200.0,3200.0,219,1,38,586.6835529678905,12.764299986883998,3249.153600016143,675.296803652968,2026-08-16 05:06:16,83.0,19.0,71.0,111.0,0.0,19.0,3.0,22.0,0.8636363636363636,624.0
20,1786856776,20,,Aggregated,14.5,0.0,34.0,530.0,1000.0,1200.0,1700.0,2500.0,3100.0,3200.0,3200.0,3200.0,3200.0,239,1,34,539.4039092045745,12.478700024075806,3249.153600016143,669.092050209205,2026-08-16 05:06:17,83.0,19.0,88.0,111.0,0.0,17.0,0.0,17.0,1.0,572.0
21,1786856777,25,,Aggregated,15.8,0.0,33.0,310.0,840.0,1100.0,1600.0,2200.0,3000.0,3200.0,3200.0,3200.0,3200.0,264,1,31,491.0561420445888,12.478700024075806,3249.153600016143,649.3219696969697,2026-08-16 05:06:18,83.0,19.0,104.0,115.0,0.0,16.0,4.0,20.0,0.8,526.0
22,1786856778,30,,Aggregated,16.9,0.0,34.0,95.0,690.0,1000.0,1600.0,2200.0,3000.0,3200.0,3200.0,3200.0,3200.0,294,1,34,447.0406316318169,12.478700024075806,3249.153600016143,623.4591836734694,2026-08-16 05:06:19,83.0,19.0,121.0,119.0,0.0,17.0,4.0,21.0,0.8095238095238095,475.0
23,1786856779,35,,Aggregated,18.2,0.0,35.0,100.0,430.0,840.0,1500.0,2000.0,2700.0,3100.0,3200.0,3200.0,3200.0,329,1,35,407.704847719376,12.478700024075806,3249.153600016143,612.1854103343466,2026-08-16 05:06:20,83.0,19.0,138.0,124.0,0.0,17.0,5.0,22.0,0.7727272727272727,432.0
24,1786856780,40,,Aggregated,19.9,0.0,36.0,120.0,230.0,690.0,1400.0,1900.0,2600.0,3100.0,3200.0,3200.0,3200.0,369,2,36,373.3073612463693,12.478700024075806,3249.153600016143,595.8346883468835,2026-08-16 05:06:21,83.0,19.0,169.0,128.0,0.0,31.0,4.0,35.0,0.8857142857142857,387.0
25,1786856781,40,,Aggregated,23.0,0.0,39.0,130.0,190.0,530.0,1300.0,1800.0,2600.0,3100.0,3200.0,3200.0,3200.0,409,2,39,347.0230041559066,12.478700024075806,3249.153600016143,596.6577017114914,2026-08-16 05:06:22,83.0,19.0,195.0,134.0,0.0,26.0,6.0,32.0,0.8125,352.0
26,1786856782,40,,Aggregated,26.2,0.1,44.0,140.0,190.0,310.0,1200.0,1700.0,2600.0,3100.0,3200.0,3200.0,3200.0,449,2,44,324.9827236077647,12.478700024075806,3249.153600016143,580.4988864142539,2026-08-16 05:06:23,271.0,19.0,232.0,137.0,0.0,37.0,3.0,40.0,0.925,322.0
27,1786856783,40,,Aggregated,27.3,0.1,47.0,140.0,180.0,240.0,1200.0,1700.0,2500.0,3100.0,3200.0,3200.0,3200.0,489,2,47,307.5467460120529,12.478700024075806,3249.153600016143,562.8220858895705,2026-08-16 05:06:24,271.0,19.0,263.0,143.0,0.0,31.0,6.0,37.0,0.8378378378378378,299.0
28,1786856784,40,,Aggregated,29.0,0.1,50.0,140.0,180.0,230.0,1100.0,1600.0,2500.0,3000.0,3200.0,3200.0,3200.0,529,2,50,292.8984253309686,12.478700024075806,3249.153600016143,545.6181474480152,2026-08-16 05:06:25,271.0,19.0,294.0,148.0,0.0,31.0,5.0,36.0,0.8611111111111112,279.0
29,1786856785,40,,Aggregated,30.9,0.1,53.0,140.0,180.0,200.0,1100.0,1600.0,2500.0,3000.0,3200.0,3200.0,3200.0,569,2,53,279.13900790909986,12.478700024075806,3249.153600016143,544.7978910369069,2026-08-16 05:06:27,271.0,19.0,321.0,154.0,0.0,27.0,6.0,33.0,0.8181818181818182,263.0
30,1786856786,40,,Aggregated,33.0,0.1,55.0,140.0,180.0,200.0,980.0,1500.0,2400.0,2700.0,3200.0,3200.0,3200.0,609,2,55,267.4503640401902,12.478700024075806,3249.153600016143,536.231527093596,2026-08-16 05:06:28,271.0,19.0,352.0,157.0,0.0,31.0,3.0,34.0,0.9117647058823528,248.0
31,1786856787,40,,Aggregated,34.8,0.1,58.0,140.0,170.0,200.0,840.0,1500.0,2400.0,2700.0,3200.0,3200.0,3200.0,649,2,58,256.91463436150366,12.478700024075806,3249.153600016143,531.8382126348228,2026-08-16 05:06:29,271.0,19.0,380.0,162.0,0.0,28.0,5.0,33.0,0.8484848484848485,237.0
32,1786856788,40,,Aggregated,36.9,0.1,59.0,140.0,170.0,190.0,800.0,1400.0,2200.0,2700.0,3200.0,3200.0,3200.0,689,2,59,248.08106487748688,12.478700024075806,3249.153600016143,526.7184325108853,2026-08-16 05:06:30,271.0,19.0,419.0,164.0,0.0,39.0,2.0,41.0,0.951219512195122,226.0
33,1786856789,40,,Aggregated,38.3,0.1,60.0,140.0,170.0,190.0,700.0,1400.0,2200.0,2600.0,3200.0,3200.0,3200.0,729,2,60,239.77830301833228,12.478700024075806,3249.153600016143,520.0727023319616,2026-08-16 05:06:31,271.0,19.0,457.0,167.0,0.0,38.0,3.0,41.0,0.926829268292683,215.0
34,1786856790,40,,Aggregated,39.6,0.1,60.0,140.0,170.0,190.0,570.0,1300.0,2200.0,2600.0,3200.0,3200.0,3200.0,769,2,60,232.43693186002585,12.478700024075806,3249.153600016143,520.299089726918,2026-08-16 05:06:32,271.0,19.0,489.0,173.0,0.0,32.0,6.0,38.0,0.8421052631578947,207.0
35,1786856791,40,,Aggregated,39.9,0.1,64.0,140.0,170.0,190.0,540.0,1300.0,2000.0,2600.0,3200.0,3200.0,3200.0,809,2,64,226.66580420298556,12.478700024075806,3249.153600016143,516.9715698393078,2026-08-16 05:06:33,271.0,19.0,523.0,175.0,0.0,34.0,2.0,36.0,0.9444444444444444,199.0
36,1786856792,40,,Aggregated,40.0,0.0,64.0,140.0,170.0,190.0,410.0,1300.0,2000.0,2600.0,3200.0,3200.0,3200.0,851,2,64,220.31008625144773,12.478700024075806,3249.153600016143,511.732079905993,2026-08-16 05:06:34,271.0,19.0,553.0,181.0,0.0,30.0,6.0,36.0,0.8333333333333334,192.0
37,1786856793,40,,Aggregated,39.9,0.0,67.0,140.0,170.0,190.0,320.0,1200.0,2000.0,2600.0,3200.0,3200.0,3200.0,890,2,67,215.48385382008613,12.478700024075806,3249.153600016143,511.9056179775281,2026-08-16 05:06:35,271.0,19.0,586.0,182.0,0.0,33.0,1.0,34.0,0.9705882352941176,186.0
38,1786856794,40,,Aggregated,39.9,0.0,70.0,140.0,170.0,190.0,280.0,1200.0,1900.0,2500.0,3200.0,3200.0,3200.0,929,2,70,210.99971463907292,12.478700024075806,3249.153600016143,513.3498385360602,2026-08-16 05:06:36,271.0,19.0,586.0,182.0,0.0,0.0,0.0,0.0,0.0,186.0
39,1786856795,40,,Aggregated,40.1,0.0,71.0,150.0,170.0,190.0,270.0,1200.0,1800.0,2500.0,3200.0,3200.0,3200.0,969,2,71,206.9286985548215,12.478700024075806,3249.153600016143,512.5686274509804,2026-08-16 05:06:37,271.0,19.0,622.0,185.0,0.0,36.0,3.0,39.0,0.9230769230769232,180.0
40,1786856796,40,,Aggregated,40.1,0.0,72.0,150.0,180.0,190.0,260.0,1200.0,1800.0,2500.0,3200.0,3200.0,3200.0,1010,2,72,203.25532178169732,12.478700024075806,3249.153600016143,510.0089108910891,2026-08-16 05:06:38,271.0,19.0,655.0,190.0,0.0,33.0,5.0,38.0,0.868421052631579,175.0
41,1786856797,44,,Aggregated,40.1,0.0,75.0,150.0,180.0,190.0,250.0,1100.0,1800.0,2500.0,3200.0,3200.0,3200.0,1052,2,75,199.79955807917827,12.478700024075806,3249.153600016143,502.7994296577947,2026-08-16 05:06:39,401.0,19.0,688.0,193.0,0.0,33.0,3.0,36.0,0.9166666666666666,170.0
42,1786856798,46,,Aggregated,40.0,0.0,76.0,150.0,180.0,190.0,250.0,1100.0,1800.0,2500.0,3200.0,3200.0,3200.0,1098,2,76,196.7317544615985,12.478700024075806,3249.153600016143,490.40710382513663,2026-08-16 05:06:40,401.0,19.0,721.0,196.0,0.0,33.0,3.0,36.0,0.9166666666666666,167.0
43,1786856799,48,,Aggregated,40.3,0.0,77.0,150.0,180.0,200.0,250.0,1100.0,1700.0,2500.0,3200.0,3200.0,3200.0,1142,2,77,194.5878450077593,12.478700024075806,3249.153600016143,480.9579684763573,2026-08-16 05:06:41,401.0,19.0,756.0,200.0,0.0,35.0,4.0,39.0,0.8974358974358975,162.0
44,1786856800,50,,Aggregated,40.7,0.0,78.0,150.0,180.0,200.0,260.0,1000.0,1700.0,2500.0,3200.0,3200.0,3200.0,1192,2,78,193.19350696229392,12.478700024075806,3249.153600016143,470.991610738255,2026-08-16 05:06:43,401.0,19.0,788.0,206.0,0.0,32.0,6.0,38.0,0.8421052631578947,159.0
45,1786856801,52,,Aggregated,41.2,0.0,81.0,150.0,190.0,200.0,270.0,930.0,1700.0,2400.0,3200.0,3200.0,3200.0,1241,2,81,192.52256776722515,12.478700024075806,3249.153600016143,462.2884770346495,2026-08-16 05:06:44,401.0,19.0,824.0,210.0,0.0,36.0,4.0,40.0,0.9,155.0
46,1786856802,54,,Aggregated,42.0,0.0,83.0,160.0,190.0,210.0,280.0,840.0,1600.0,2400.0,3200.0,3200.0,3200.0,1292,2,83,192.2819606030209,12.478700024075806,3249.153600016143,450.94504643962847,2026-08-16 05:06:45,401.0,19.0,856.0,220.0,0.0,32.0,10.0,42.0,0.7619047619047619,153.0
47,1786856803,56,,Aggregated,42.9,0.0,88.0,160.0,190.0,210.0,290.0,810.0,1600.0,2200.0,3200.0,3200.0,3200.0,1349,2,88,192.54757138560277,12.478700024075806,3249.153600016143,440.0051890289103,2026-08-16 05:06:46,401.0,19.0,895.0,225.0,0.0,39.0,5.0,44.0,0.8863636363636364,150.0
48,1786856804,58,,Aggregated,44.0,0.0,90.0,160.0,200.0,220.0,310.0,710.0,1600.0,2200.0,3200.0,3200.0,3200.0,1404,2,90,192.91082029839504,12.478700024075806,3249.153600016143,433.0840455840456,2026-08-16 05:06:47,401.0,19.0,933.0,235.0,0.0,38.0,10.0,48.0,0.7916666666666666,148.0
49,1786856805,60,,Aggregated,44.9,0.0,100.0,170.0,200.0,220.0,320.0,690.0,1600.0,2200.0,3200.0,3200.0,3200.0,1462,2,98,194.29523112124477,12.478700024075806,3249.153600016143,424.8796169630643,2026-08-16 05:06:48,401.0,19.0,976.0,242.0,0.0,43.0,7.0,50.0,0.86,146.0
50,1786856806,60,,Aggregated,46.6,0.0,110.0,170.0,210.0,230.0,330.0,570.0,1500.0,2200.0,3200.0,3200.0,3200.0,1522,2,110,196.2527836395385,12.478700024075806,3249.153600016143,415.892247043364,2026-08-16 05:06:49,401.0,19.0,1026.0,246.0,0.0,50.0,4.0,54.0,0.925925925925926,144.0
51,1786856807,60,,Aggregated,48.3,0.0,120.0,180.0,210.0,240.0,350.0,550.0,1500.0,2200.0,3200.0,3200.0,3200.0,1581,2,120,198.74421068894867,12.478700024075806,3249.153600016143,410.044908285895,2026-08-16 05:06:50,401.0,19.0,1077.0,250.0,0.0,51.0,4.0,55.0,0.9272727272727272,142.0
52,1786856808,60,,Aggregated,49.6,0.0,120.0,180.0,220.0,240.0,370.0,540.0,1500.0,2000.0,3200.0,3200.0,3200.0,1643,2,120,200.4289556294609,12.478700024075806,3249.153600016143,404.0030432136336,2026-08-16 05:06:51,401.0,19.0,1119.0,258.0,0.0,42.0,8.0,50.0,0.84,140.0
53,1786856809,60,,Aggregated,51.4,0.0,130.0,190.0,220.0,250.0,370.0,500.0,1400.0,2000.0,3200.0,3200.0,3200.0,1703,3,130,201.3263299466366,12.478700024075806,3249.153600016143,396.3258954785673,2026-08-16 05:06:52,401.0,19.0,1170.0,265.0,0.0,51.0,7.0,58.0,0.8793103448275862,138.0
54,1786856810,60,,Aggregated,53.0,0.0,130.0,190.0,230.0,250.0,380.0,500.0,1400.0,2000.0,3200.0,3200.0,3200.0,1764,3,130,202.6627900788604,12.478700024075806,3249.153600016143,389.4075963718821,2026-08-16 05:06:53,401.0,19.0,1219.0,273.0,0.0,49.0,8.0,57.0,0.8596491228070176,137.0
55,1786856811,60,,Aggregated,55.0,0.0,130.0,190.0,230.0,260.0,380.0,480.0,1400.0,1900.0,3200.0,3200.0,3200.0,1822,3,130,203.7158835890527,12.478700024075806,3249.153600016143,384.8095499451152,2026-08-16 05:06:54,579.0,21.0,1275.0,275.0,0.0,56.0,2.0,58.0,0.9655172413793104,135.0
56,1786856812,60,,Aggregated,55.9,0.1,140.0,200.0,240.0,270.0,380.0,490.0,1300.0,1900.0,3200.0,3200.0,3200.0,1886,3,140,205.67771039208992,12.478700024075806,3249.153600016143,378.3541887592789,2026-08-16 05:06:55,579.0,21.0,1325.0,280.0,0.0,50.0,5.0,55.0,0.9090909090909092,134.0
57,1786856813,60,,Aggregated,57.2,0.1,140.0,200.0,240.0,270.0,390.0,480.0,1300.0,1800.0,3200.0,3200.0,3200.0,1942,3,140,206.89261611715895,12.478700024075806,3249.153600016143,374.1369721936149,2026-08-16 05:06:56,579.0,21.0,1374.0,286.0,0.0,49.0,6.0,55.0,0.8909090909090909,132.0
58,1786856814,60,,Aggregated,57.5,0.1,150.0,200.0,240.0,280.0,390.0,480.0,1300.0,1800.0,3200.0,3200.0,3200.0,2007,4,150,207.94916696541728,12.478700024075806,3249.153600016143,369.33383158943695,2026-08-16 05:06:57,579.0,21.0,1416.0,294.0,0.0,42.0,8.0,50.0,0.84,132.0
59,1786856815,60,,Aggregated,58.8,0.1,150.0,210.0,250.0,280.0,390.0,480.0,1300.0,1800.0,3200.0,3200.0,3200.0,2064,4,150,209.43165983506813,12.478700024075806,3249.153600016143,365.0237403100775,2026-08-16 05:06:58,579.0,21.0,1470.0,298.0,0.0,54.0,4.0,58.0,0.9310344827586208,130.0
60,1786856816,60,,Aggregated,59.0,0.1,150.0,210.0,250.0,290.0,400.0,480.0,1300.0,1800.0,3200.0,3200.0,3200.0,2127,4,150,210.96240399594956,12.478700024075806,3249.153600016143,362.1438645980254,2026-08-16 05:07:00,579.0,21.0,1522.0,303.0,0.0,52.0,5.0,57.0,0.912280701754386,129.0
61,1786856817,60,,Aggregated,59.3,0.2,150.0,210.0,260.0,300.0,400.0,480.0,1200.0,1800.0,3200.0,3200.0,3200.0,2188,4,150,212.2216304384844,12.478700024075806,3249.153600016143,357.82495429616085,2026-08-16 05:07:01,579.0,21.0,1572.0,309.0,0.0,50.0,6.0,56.0,0.8928571428571429,128.0
62,1786856818,60,,Aggregated,59.9,0.2,160.0,220.0,260.0,300.0,400.0,480.0,1200.0,1700.0,3200.0,3200.0,3200.0,2244,4,160,213.3996584667725,12.478700024075806,3249.153600016143,354.91354723707667,2026-08-16 05:07:02,579.0,21.0,1617.0,318.0,0.0,45.0,9.0,54.0,0.8333333333333334,127.0
63,1786856819,60,,Aggregated,59.7,0.2,160.0,220.0,270.0,310.0,400.0,480.0,1200.0,1700.0,3200.0,3200.0,3200.0,2306,4,160,214.8003862096552,12.478700024075806,3249.153600016143,351.459236773634,2026-08-16 05:07:03,579.0,21.0,1671.0,322.0,0.0,54.0,4.0,58.0,0.9310344827586208,126.0
64,1786856820,60,,Aggregated,59.7,0.2,160.0,220.0,270.0,310.0,410.0,490.0,1200.0,1700.0,3200.0,3200.0,3200.0,2368,4,160,216.2611424406055,12.478700024075806,3249.153600016143,347.9096283783784,2026-08-16 05:07:04,579.0,21.0,1719.0,328.0,0.0,48.0,6.0,54.0,0.8888888888888888,125.0
65,1786856821,60,,Aggregated,59.2,0.2,160.0,220.0,270.0,310.0,410.0,490.0,1200.0,1700.0,3200.0,3200.0,3200.0,2428,4,160,217.28113966202767,12.478700024075806,3249.153600016143,345.01235584843494,2026-08-16 05:07:05,579.0,21.0,1771.0,333.0,0.0,52.0,5.0,57.0,0.912280701754386,124.0
66,1786856822,60,,Aggregated,59.5,0.1,160.0,230.0,280.0,320.0,410.0,490.0,1200.0,1700.0,3200.0,3200.0,3200.0,2487,4,160,218.67918206653965,12.478700024075806,3249.153600016143,341.5806192199437,2026-08-16 05:07:06,579.0,21.0,1816.0,338.0,0.0,45.0,5.0,50.0,0.9,124.0
67,1786856823,60,,Aggregated,59.4,0.1,170.0,230.0,280.0,320.0,420.0,490.0,1200.0,1600.0,3200.0,3200.0,3200.0,2550,4,170,220.0196004705047,12.478700024075806,3249.153600016143,339.63529411764705,2026-08-16 05:07:07,579.0,21.0,1866.0,342.0,0.0,50.0,4.0,54.0,0.925925925925926,123.0
68,1786856824,60,,Aggregated,60.0,0.1,170.0,230.0,280.0,320.0,420.0,490.0,1100.0,1600.0,3200.0,3200.0,3200.0,2609,4,170,220.93804311983115,12.478700024075806,3249.153600016143,336.6029129934841,2026-08-16 05:07:08,579.0,21.0,1917.0,343.0,0.0,51.0,1.0,52.0,0.9807692307692308,123.0
69,1786856825,60,,Aggregated,59.6,0.1,170.0,230.0,280.0,330.0,420.0,490.0,1100.0,1600.0,3200.0,3200.0,3200.0,2670,4,170,221.7730457676062,12.478700024075806,3249.153600016143,333.75355805243447,2026-08-16 05:07:09,756.0,20.0,1966.0,349.0,0.0,49.0,6.0,55.0,0.8909090909090909,122.0
70,1786856826,60,,Aggregated,59.8,0.1,170.0,240.0,290.0,330.0,420.0,490.0,1100.0,1600.0,3200.0,3200.0,3200.0,2730,4,170,223.1239521610312,12.478700024075806,3249.153600016143,329.9450549450549,2026-08-16 05:07:10,756.0,20.0,2012.0,354.0,0.0,46.0,5.0,51.0,0.9019607843137256,121.0
71,1786856827,60,,Aggregated,59.8,0.0,180.0,240.0,300.0,330.0,430.0,500.0,1100.0,1600.0,3200.0,3200.0,3200.0,2793,4,180,224.59552499084344,12.478700024075806,3249.153600016143,327.6122448979592,2026-08-16 05:07:11,756.0,20.0,2064.0,358.0,0.0,52.0,4.0,56.0,0.9285714285714286,121.0
72,1786856828,60,,Aggregated,59.9,0.0,180.0,240.0,300.0,330.0,430.0,500.0,1100.0,1600.0,3200.0,3200.0,3200.0,2850,4,180,225.2037537892823,12.478700024075806,3249.153600016143,325.48280701754385,2026-08-16 05:07:12,756.0,20.0,2113.0,363.0,0.0,49.0,5.0,54.0,0.9074074074074074,121.0
73,1786856829,60,,Aggregated,59.8,0.0,180.0,240.0,300.0,340.0,430.0,500.0,1000.0,1600.0,3200.0,3200.0,3200.0,2910,4,180,225.8650672849455,12.478700024075806,3249.153600016143,323.06426116838486,2026-08-16 05:07:13,756.0,20.0,2166.0,368.0,0.0,53.0,5.0,58.0,0.913793103448276,120.0
74,1786856830,60,,Aggregated,60.0,0.0,180.0,250.0,300.0,340.0,430.0,500.0,1000.0,1600.0,3200.0,3200.0,3200.0,2970,4,180,227.1521483835888,12.478700024075806,3249.153600016143,320.9050505050505,2026-08-16 05:07:14,756.0,20.0,2223.0,369.0,0.0,57.0,1.0,58.0,0.9827586206896552,120.0
75,1786856831,60,,Aggregated,60.1,0.0,180.0,250.0,310.0,340.0,430.0,500.0,980.0,1500.0,3100.0,3200.0,3200.0,3036,4,180,228.07924960459533,12.478700024075806,3249.153600016143,318.3702239789196,2026-08-16 05:07:15,756.0,20.0,2269.0,374.0,0.0,46.0,5.0,51.0,0.9019607843137256,120.0
76,1786856832,60,,Aggregated,59.7,0.0,180.0,250.0,310.0,340.0,430.0,500.0,960.0,1500.0,3100.0,3200.0,3200.0,3092,4,180,228.7857994176074,12.478700024075806,3249.153600016143,316.4663648124192,2026-08-16 05:07:17,756.0,20.0,2320.0,378.0,0.0,51.0,4.0,55.0,0.9272727272727272,119.0
77,1786856833,60,,Aggregated,59.8,0.0,180.0,250.0,310.0,350.0,440.0,500.0,930.0,1500.0,3100.0,3200.0,3200.0,3150,4,180,230.302096983817,12.478700024075806,3249.153600016143,314.5920634920635,2026-08-16 05:07:18,756.0,20.0,2367.0,381.0,0.0,47.0,3.0,50.0,0.94,119.0
78,1786856834,60,,Aggregated,60.2,0.0,190.0,260.0,310.0,350.0,440.0,510.0,840.0,1500.0,3100.0,3200.0,3200.0,3207,4,190,232.04680240069743,12.478700024075806,3249.153600016143,312.644527595884,2026-08-16 05:07:19,756.0,20.0,2419.0,383.0,0.0,52.0,2.0,54.0,0.9629629629629628,118.0
79,1786856835,60,,Aggregated,59.6,0.0,190.0,260.0,320.0,360.0,440.0,510.0,840.0,1500.0,3100.0,3200.0,3200.0,3274,4,190,234.14833549153096,12.478700024075806,3249.153600016143,310.26145387904705,2026-08-16 05:07:20,756.0,20.0,2466.0,390.0,0.0,47.0,7.0,54.0,0.8703703703703703,118.0
80,1786856836,60,,Aggregated,59.5,0.0,190.0,260.0,320.0,360.0,440.0,510.0,820.0,1500.0,3100.0,3200.0,3200.0,3331,4,190,235.15058234739053,12.478700024075806,3249.153600016143,309.4184929450616,2026-08-16 05:07:21,756.0,20.0,2509.0,397.0,0.0,43.0,7.0,50.0,0.86,117.0
81,1786856837,60,,Aggregated,59.3,0.0,190.0,270.0,320.0,360.0,450.0,510.0,810.0,1500.0,3100.0,3200.0,3200.0,3389,4,190,236.71040548806957,12.478700024075806,3249.153600016143,307.8061375036884,2026-08-16 05:07:22,756.0,20.0,2563.0,402.0,0.0,54.0,5.0,59.0,0.9152542372881356,117.0
82,1786856838,60,,Aggregated,60.0,0.0,190.0,270.0,320.0,360.0,450.0,520.0,750.0,1400.0,3100.0,3200.0,3200.0,3454,4,190,238.43806079884016,12.478700024075806,3249.153600016143,306.3213665315576,2026-08-16 05:07:23,756.0,20.0,2613.0,407.0,0.0,50.0,5.0,55.0,0.9090909090909092,117.0
83,1786856839,60,,Aggregated,60.1,0.0,200.0,270.0,330.0,370.0,450.0,520.0,740.0,1400.0,3100.0,3200.0,3200.0,3514,4,190,239.27632544090503,12.478700024075806,3249.153600016143,304.77746158224244,2026-08-16 05:07:24,803.0,21.0,2661.0,414.0,0.0,48.0,7.0,55.0,0.8727272727272727,117.0
84,1786856840,60,,Aggregated,59.4,0.0,200.0,270.0,330.0,370.0,450.0,520.0,710.0,1400.0,3100.0,3200.0,3200.0,3573,4,200,240.52304816662647,12.478700024075806,3249.153600016143,303.6431570109152,2026-08-16 05:07:25,803.0,21.0,2712.0,419.0,0.0,51.0,5.0,56.0,0.9107142857142856,117.0
85,1786856841,60,,Aggregated,59.7,0.0,200.0,280.0,330.0,370.0,450.0,530.0,710.0,1400.0,3100.0,3200.0,3200.0,3632,4,200,241.99069022553067,12.478700024075806,3249.153600016143,302.6646475770925,2026-08-16 05:07:26,803.0,21.0,2761.0,420.0,0.0,49.0,1.0,50.0,0.98,117.0
86,1786856842,60,,Aggregated,59.9,0.0,200.0,280.0,330.0,370.0,460.0,530.0,710.0,1400.0,3100.0,3200.0,3200.0,3695,4,200,243.35802154237763,12.478700024075806,3249.153600016143,300.9217861975643,2026-08-16 05:07:27,803.0,21.0,2811.0,424.0,0.0,50.0,4.0,54.0,0.925925925925926,116.0
87,1786856843,60,,Aggregated,59.8,0.0,200.0,280.0,340.0,370.0,460.0,530.0,730.0,1300.0,3100.0,3200.0,3200.0,3754,4,200,244.94920519424528,12.478700024075806,3249.153600016143,298.7194992008524,2026-08-16 05:07:28,803.0,21.0,2861.0,429.0,0.0,50.0,5.0,55.0,0.9090909090909092,116.0
88,1786856844,60,,Aggregated,59.3,0.0,210.0,280.0,340.0,380.0,460.0,530.0,730.0,1300.0,3100.0,3200.0,3200.0,3815,4,210,246.26638036670448,12.478700024075806,3249.153600016143,297.5051114023591,2026-08-16 05:07:29,803.0,21.0,2911.0,434.0,0.0,50.0,5.0,55.0,0.9090909090909092,116.0
89,1786856845,60,,Aggregated,60.1,0.0,210.0,280.0,340.0,380.0,460.0,530.0,710.0,1300.0,3100.0,3200.0,3200.0,3876,4,210,247.5760474455542,12.478700024075806,3249.153600016143,295.9089267285861,2026-08-16 05:07:30,803.0,21.0,2960.0,438.0,0.0,49.0,4.0,53.0,0.9245283018867924,117.0
90,1786856846,60,,Aggregated,59.9,0.0,210.0,290.0,340.0,380.0,460.0,530.0,710.0,1300.0,3100.0,3200.0,3200.0,3936,4,210,248.50200452206855,12.478700024075806,3249.153600016143,294.7840447154472,2026-08-16 05:07:32,803.0,21.0,3009.0,442.0,0.0,49.0,4.0,53.0,0.9245283018867924,117.0
91,1786856847,60,,Aggregated,60.3,0.0,210.0,290.0,340.0,380.0,470.0,530.0,710.0,1300.0,3100.0,3200.0,3200.0,3995,4,210,249.59334640762825,12.478700024075806,3249.153600016143,294.2345431789737,2026-08-16 05:07:33,803.0,21.0,3063.0,445.0,0.0,54.0,3.0,57.0,0.9473684210526316,117.0
92,1786856848,60,,Aggregated,59.7,0.0,210.0,290.0,350.0,380.0,470.0,530.0,700.0,1300.0,3100.0,3200.0,3200.0,4054,4,210,251.17701322115272,12.478700024075806,3249.153600016143,292.18179575727675,2026-08-16 05:07:34,803.0,21.0,3118.0,447.0,0.0,55.0,2.0,57.0,0.9649122807017544,116.0
93,1786856849,60,,Aggregated,59.9,0.0,210.0,300.0,350.0,390.0,470.0,530.0,690.0,1300.0,3100.0,3200.0,3200.0,4118,4,210,252.41918001424463,12.478700024075806,3249.153600016143,290.54201068479847,2026-08-16 05:07:35,803.0,21.0,3167.0,450.0,0.0,49.0,3.0,52.0,0.9423076923076924,116.0
94,1786856850,60,,Aggregated,59.9,0.0,210.0,300.0,350.0,390.0,470.0,540.0,690.0,1300.0,3100.0,3200.0,3200.0,4176,4,210,253.48437760989316,12.478700024075806,3249.153600016143,289.8644636015326,2026-08-16 05:07:36,803.0,21.0,3223.0,453.0,0.0,56.0,3.0,59.0,0.9491525423728814,116.0
95,1786856851,60,,Aggregated,59.6,0.0,220.0,300.0,350.0,390.0,470.0,540.0,680.0,1300.0,3100.0,3200.0,3200.0,4237,4,220,254.5749331364096,12.478700024075806,3249.153600016143,289.0734009912674,2026-08-16 05:07:37,803.0,21.0,3273.0,454.0,0.0,50.0,1.0,51.0,0.9803921568627452,116.0
96,1786856852,60,,Aggregated,60.0,0.0,220.0,300.0,360.0,390.0,480.0,540.0,670.0,1300.0,3100.0,3200.0,3200.0,4298,4,220,255.90238657485517,12.478700024075806,3249.153600016143,287.95672405770125,2026-08-16 05:07:38,803.0,21.0,3326.0,457.0,0.0,53.0,3.0,56.0,0.9464285714285714,116.0
97,1786856853,60,,Aggregated,59.9,0.0,220.0,300.0,360.0,400.0,480.0,540.0,650.0,1200.0,3100.0,3200.0,3200.0,4356,4,220,257.01800059658166,12.478700024075806,3249.153600016143,287.91046831955924,2026-08-16 05:07:39,877.0,22.0,3380.0,459.0,0.0,54.0,2.0,56.0,0.9642857142857144,116.0
98,1786856854,60,,Aggregated,59.8,0.0,220.0,310.0,360.0,400.0,480.0,540.0,660.0,1200.0,3100.0,3200.0,3200.0,4417,4,220,258.39020665589254,12.478700024075806,3249.153600016143,287.09508716323296,2026-08-16 05:07:40,877.0,22.0,3430.0,464.0,0.0,50.0,5.0,55.0,0.9090909090909092,116.0
99,1786856855,60,,Aggregated,60.0,0.0,220.0,310.0,360.0,400.0,480.0,550.0,660.0,1200.0,3100.0,3200.0,3200.0,4478,4,220,259.88517592661293,12.478700024075806,3249.153600016143,286.1965163019205,2026-08-16 05:07:41,877.0,22.0,3483.0,466.0,0.0,53.0,2.0,55.0,0.9636363636363636,116.0
100,1786856856,60,,Aggregated,59.9,0.0,220.0,310.0,370.0,400.0,480.0,550.0,670.0,1200.0,3100.0,3200.0,3200.0,4537,4,220,261.2801524574301,12.478700024075806,3249.153600016143,285.03835133348025,2026-08-16 05:07:42,877.0,22.0,3538.0,468.0,0.0,55.0,2.0,57.0,0.9649122807017544,116.0
101,1786856857,60,,Aggregated,59.8,0.0,230.0,310.0,370.0,400.0,490.0,550.0,660.0,1200.0,3100.0,3200.0,3200.0,4597,4,230,262.5485100498865,12.478700024075806,3249.153600016143,284.14335436154016,2026-08-16 05:07:43,877.0,22.0,3586.0,472.0,0.0,48.0,4.0,52.0,0.9230769230769232,116.0
102,1786856858,60,,Aggregated,59.7,0.0,230.0,310.0,370.0,410.0,490.0,550.0,670.0,1200.0,3100.0,3200.0,3200.0,4658,4,230,264.04696112049425,12.478700024075806,3249.153600016143,283.0279089738085,2026-08-16 05:07:44,877.0,22.0,3639.0,475.0,0.0,53.0,3.0,56.0,0.9464285714285714,116.0
103,1786856859,60,,Aggregated,59.6,0.0,230.0,320.0,370.0,410.0,490.0,560.0,670.0,1200.0,3100.0,3200.0,3200.0,4720,4,230,265.5917539617064,12.478700024075806,3249.153600016143,282.19936440677964,2026-08-16 05:07:45,877.0,22.0,3691.0,476.0,0.0,52.0,1.0,53.0,0.981132075471698,116.0
104,1786856860,60,,Aggregated,60.0,0.0,230.0,320.0,380.0,410.0,490.0,560.0,670.0,1200.0,3100.0,3200.0,3200.0,4781,4,230,266.7332969251052,12.478700024075806,3249.153600016143,281.5231123195984,2026-08-16 05:07:46,877.0,22.0,3740.0,482.0,0.0,49.0,6.0,55.0,0.8909090909090909,116.0
105,1786856861,60,,Aggregated,59.9,0.0,230.0,320.0,380.0,410.0,500.0,560.0,670.0,1200.0,3100.0,3200.0,3200.0,4839,4,230,267.87585029945814,12.478700024075806,3249.153600016143,280.88014052490183,2026-08-16 05:07:48,877.0,22.0,3793.0,486.0,0.0,53.0,4.0,57.0,0.9298245614035088,116.0
106,1786856862,60,,Aggregated,59.8,0.0,230.0,320.0,380.0,410.0,500.0,560.0,670.0,1200.0,3100.0,3200.0,3200.0,4899,4,230,269.11362026936723,12.478700024075806,3249.153600016143,280.9254949989794,2026-08-16 05:07:49,877.0,22.0,3844.0,490.0,0.0,51.0,4.0,55.0,0.9272727272727272,116.0
107,1786856863,60,,Aggregated,59.7,0.0,230.0,320.0,380.0,410.0,500.0,570.0,670.0,1200.0,3100.0,3200.0,3200.0,4960,4,230,270.518965987867,12.478700024075806,3249.153600016143,280.25181451612906,2026-08-16 05:07:50,877.0,22.0,3899.0,493.0,0.0,55.0,3.0,58.0,0.9482758620689656,116.0
108,1786856864,60,,Aggregated,60.2,0.0,240.0,330.0,380.0,420.0,500.0,570.0,670.0,1200.0,3000.0,3200.0,3200.0,5018,4,240,271.88360500203254,12.478700024075806,3249.153600016143,279.4318453567158,2026-08-16 05:07:51,877.0,22.0,3951.0,497.0,0.0,52.0,4.0,56.0,0.9285714285714286,116.0
109,1786856865,60,,Aggregated,59.7,0.0,240.0,330.0,380.0,420.0,510.0,580.0,670.0,1200.0,3000.0,3200.0,3200.0,5080,4,240,273.3905018504235,12.478700024075806,3249.153600016143,278.81181102362206,2026-08-16 05:07:52,877.0,22.0,4011.0,500.0,0.0,60.0,3.0,63.0,0.9523809523809524,116.0
110,1786856866,60,,Aggregated,59.9,0.0,240.0,330.0,390.0,420.0,510.0,580.0,670.0,1200.0,3000.0,3200.0,3200.0,5142,4,240,274.57866285491906,12.478700024075806,3249.153600016143,277.8702839362116,2026-08-16 05:07:53,877.0,22.0,4065.0,502.0,0.0,54.0,2.0,56.0,0.9642857142857144,116.0
111,1786856867,60,,Aggregated,59.7,0.0,240.0,330.0,390.0,420.0,510.0,580.0,670.0,1200.0,3000.0,3200.0,3200.0,5199,4,240,275.7087969417328,12.478700024075806,3249.153600016143,277.02692825543375,2026-08-16 05:07:54,948.0,24.0,4125.0,505.0,0.0,60.0,3.0,63.0,0.9523809523809524,116.0
112,1786856868,60,,Aggregated,59.9,0.0,240.0,330.0,390.0,430.0,510.0,580.0,670.0,1100.0,3000.0,3200.0,3200.0,5260,4,240,277.0985779467131,12.478700024075806,3249.153600016143,276.8583650190114,2026-08-16 05:07:55,948.0,24.0,4184.0,507.0,0.0,59.0,2.0,61.0,0.9672131147540984,116.0
113,1786856869,60,,Aggregated,60.1,0.0,250.0,330.0,390.0,430.0,520.0,590.0,670.0,1100.0,3000.0,3200.0,3200.0,5321,4,250,278.3697757752275,12.478700024075806,3249.153600016143,276.3999248261605,2026-08-16 05:07:56,948.0,24.0,4235.0,510.0,0.0,51.0,3.0,54.0,0.9444444444444444,116.0
114,1786856870,60,,Aggregated,59.9,0.0,250.0,340.0,400.0,430.0,520.0,590.0,680.0,1100.0,3000.0,3200.0,3200.0,5380,4,250,279.6980373234316,12.478700024075806,3249.153600016143,275.628624535316,2026-08-16 05:07:57,948.0,24.0,4235.0,510.0,0.0,0.0,0.0,0.0,0.0,116.0
115,1786856871,60,,Aggregated,59.9,0.0,250.0,340.0,400.0,430.0,520.0,590.0,690.0,1100.0,3000.0,3200.0,3200.0,5442,4,250,281.21287688345626,12.478700024075806,3249.153600016143,274.717934582874,2026-08-16 05:07:58,948.0,24.0,4289.0,513.0,0.0,54.0,3.0,57.0,0.9473684210526316,116.0
116,1786856872,60,,Aggregated,59.6,0.0,250.0,340.0,400.0,430.0,520.0,600.0,690.0,1100.0,3000.0,3200.0,3200.0,5498,4,250,282.57729556197984,12.478700024075806,3249.153600016143,274.28610403783193,2026-08-16 05:07:59,948.0,24.0,4350.0,513.0,0.0,61.0,0.0,61.0,1.0,116.0
117,1786856873,60,,Aggregated,59.5,0.0,250.0,340.0,400.0,440.0,530.0,600.0,690.0,1100.0,3000.0,3200.0,3200.0,5561,4,250,284.235351735249,12.478700024075806,3249.153600016143,273.8581190433375,2026-08-16 05:08:00,948.0,24.0,4400.0,518.0,0.0,50.0,5.0,55.0,0.9090909090909092,116.0
118,1786856874,60,,Aggregated,59.7,0.0,250.0,350.0,400.0,440.0,530.0,600.0,690.0,1100.0,3000.0,3200.0,3200.0,5621,4,250,286.02469489404405,12.478700024075806,3249.153600016143,273.4897705034691,2026-08-16 05:08:01,948.0,24.0,4458.0,521.0,0.0,58.0,3.0,61.0,0.9508196721311476,116.0
119,1786856875,60,,Aggregated,59.4,0.0,260.0,350.0,410.0,440.0,530.0,610.0,700.0,1100.0,3000.0,3200.0,3200.0,5678,4,260,288.139203539908,12.478700024075806,3249.153600016143,273.1796407185629,2026-08-16 05:08:02,948.0,24.0,4510.0,525.0,0.0,52.0,4.0,56.0,0.9285714285714286,116.0
120,1786856876,60,,Aggregated,59.6,0.0,260.0,350.0,410.0,440.0,530.0,610.0,710.0,1100.0,3000.0,3200.0,3200.0,5736,4,260,290.4661727684464,12.478700024075806,3249.153600016143,273.02214086471406,2026-08-16 05:08:04,948.0,24.0,4559.0,530.0,0.0,49.0,5.0,54.0,0.9074074074074074,116.0
121,1786856877,60,,Aggregated,59.7,0.0,260.0,360.0,410.0,450.0,540.0,620.0,720.0,1100.0,3000.0,3200.0,3200.0,5796,4,260,292.8893545030712,12.478700024075806,3249.153600016143,272.53329882677707,2026-08-16 05:08:05,948.0,24.0,4610.0,534.0,0.0,51.0,4.0,55.0,0.9272727272727272,116.0
122,1786856879,60,,Aggregated,59.2,0.0,260.0,360.0,420.0,450.0,540.0,630.0,730.0,1000.0,3000.0,3200.0,3200.0,5855,4,260,295.4190975405438,12.478700024075806,3249.153600016143,272.1805294619983,2026-08-16 05:08:06,948.0,24.0,4667.0,536.0,0.0,57.0,2.0,59.0,0.9661016949152542,116.0
123,1786856880,60,,Aggregated,59.1,0.0,270.0,360.0,420.0,460.0,550.0,630.0,740.0,1000.0,3000.0,3200.0,3200.0,5915,4,270,297.90075147921647,12.478700024075806,3249.153600016143,271.87692307692305,2026-08-16 05:08:07,948.0,24.0,4721.0,537.0,0.0,54.0,1.0,55.0,0.9818181818181818,116.0
124,1786856881,60,,Aggregated,59.1,0.0,270.0,360.0,430.0,460.0,550.0,640.0,760.0,1000.0,3000.0,3200.0,3200.0,5968,4,270,300.7499326909531,12.478700024075806,3249.153600016143,271.2701072386059,2026-08-16 05:08:08,948.0,24.0,4779.0,537.0,0.0,58.0,0.0,58.0,1.0,116.0
125,1786856882,60,,Aggregated,58.9,0.0,270.0,370.0,430.0,470.0,560.0,650.0,790.0,1000.0,2700.0,3200.0,3200.0,6026,4,270,304.49533108186967,12.478700024075806,3249.153600016143,270.87056090275473,2026-08-16 05:08:09,993.0,22.0,4832.0,538.0,0.0,53.0,1.0,54.0,0.9814814814814816,116.0
126,1786856883,60,,Aggregated,58.6,0.0,270.0,370.0,430.0,470.0,570.0,660.0,810.0,1000.0,2700.0,3200.0,3200.0,6089,4,270,308.52010193777244,12.478700024075806,3249.153600016143,270.5268516997865,2026-08-16 05:08:10,993.0,22.0,4887.0,541.0,0.0,55.0,3.0,58.0,0.9482758620689656,117.0
127,1786856884,60,,Aggregated,58.0,0.0,280.0,380.0,440.0,480.0,580.0,690.0,850.0,1100.0,2700.0,3200.0,3200.0,6144,4,280,312.56517223296026,12.478700024075806,3249.153600016143,270.7775065104167,2026-08-16 05:08:11,993.0,22.0,4938.0,544.0,0.0,51.0,3.0,54.0,0.9444444444444444,117.0
128,1786856885,60,,Aggregated,58.5,0.0,280.0,380.0,440.0,480.0,590.0,700.0,890.0,1100.0,2700.0,3200.0,3200.0,6200,4,280,317.36682012893124,12.478700024075806,3249.153600016143,270.3338709677419,2026-08-16 05:08:12,993.0,22.0,4994.0,544.0,0.0,56.0,0.0,56.0,1.0,117.0
129,1786856886,60,,Aggregated,57.9,0.0,280.0,380.0,450.0,490.0,610.0,730.0,940.0,1100.0,2700.0,3200.0,3200.0,6257,4,280,322.6465002236364,12.478700024075806,3249.153600016143,269.9252037717756,2026-08-16 05:08:13,993.0,22.0,4994.0,544.0,0.0,0.0,0.0,0.0,0.0,117.0
130,1786856887,60,,Aggregated,57.5,0.0,280.0,390.0,450.0,500.0,620.0,770.0,1000.0,1100.0,2700.0,3200.0,3200.0,6310,4,280,328.0016518858071,12.478700024075806,3249.153600016143,269.8743264659271,2026-08-16 05:08:14,993.0,22.0,5046.0,547.0,0.0,52.0,3.0,55.0,0.9454545454545454,117.0
131,1786856888,60,,Aggregated,57.5,0.0,290.0,390.0,460.0,500.0,630.0,800.0,1000.0,1100.0,2700.0,3200.0,3200.0,6366,4,290,333.7792974237463,12.478700024075806,3249.153600016143,269.7186616399623,2026-08-16 05:08:15,993.0,22.0,5099.0,549.0,0.0,53.0,2.0,55.0,0.9636363636363636,117.0
132,1786856889,60,,Aggregated,56.9,0.0,290.0,400.0,460.0,510.0,650.0,850.0,1100.0,1100.0,2700.0,3200.0,3200.0,6422,4,290,339.8139946745701,12.478700024075806,3249.153600016143,269.216754905014,2026-08-16 05:08:16,993.0,22.0,5148.0,552.0,0.0,49.0,3.0,52.0,0.9423076923076924,117.0
133,1786856890,60,,Aggregated,56.9,0.0,290.0,400.0,470.0,520.0,670.0,910.0,1100.0,1100.0,2700.0,3200.0,3200.0,6476,4,290,345.90117483009504,12.478700024075806,3249.153600016143,268.7123224212477,2026-08-16 05:08:17,993.0,22.0,5202.0,554.0,0.0,54.0,2.0,56.0,0.9642857142857144,118.0
134,1786856891,60,,Aggregated,56.2,0.0,300.0,400.0,470.0,530.0,690.0,970.0,1100.0,1100.0,2700.0,3200.0,3200.0,6532,4,300,352.1630295774165,12.478700024075806,3249.153600016143,268.1633496631966,2026-08-16 05:08:18,993.0,22.0,5255.0,556.0,0.0,53.0,2.0,55.0,0.9636363636363636,118.0
135,1786856892,60,,Aggregated,55.7,0.0,300.0,410.0,480.0,530.0,710.0,1000.0,1100.0,1200.0,2700.0,3200.0,3200.0,6587,4,300,358.37033831789097,12.478700024075806,3249.153600016143,267.8410505541217,2026-08-16 05:08:20,993.0,22.0,5307.0,558.0,0.0,52.0,2.0,54.0,0.9629629629629628,118.0
136,1786856893,60,,Aggregated,56.0,0.0,300.0,410.0,490.0,540.0,750.0,1100.0,1100.0,1200.0,2700.0,3200.0,3200.0,6640,4,300,364.6906567620168,12.478700024075806,3249.153600016143,267.27560240963857,2026-08-16 05:08:21,993.0,22.0,5361.0,560.0,0.0,54.0,2.0,56.0,0.9642857142857144,118.0
137,1786856894,60,,Aggregated,55.4,0.0,300.0,420.0,490.0,540.0,790.0,1100.0,1100.0,1200.0,2700.0,3200.0,3200.0,6694,4,300,370.5477804152199,12.478700024075806,3249.153600016143,266.59784881983865,2026-08-16 05:08:22,993.0,22.0,5417.0,561.0,0.0,56.0,1.0,57.0,0.9824561403508772,118.0
138,1786856895,60,,Aggregated,54.7,0.0,310.0,420.0,500.0,550.0,820.0,1100.0,1100.0,1200.0,2700.0,3200.0,3200.0,6749,4,310,376.6592563786762,12.478700024075806,3249.153600016143,266.40480071121647,2026-08-16 05:08:23,993.0,22.0,5465.0,564.0,0.0,48.0,3.0,51.0,0.9411764705882352,118.0
139,1786856896,60,,Aggregated,54.7,0.0,310.0,430.0,510.0,560.0,880.0,1100.0,1100.0,1200.0,2700.0,3200.0,3200.0,6803,4,310,382.4673141701496,12.478700024075806,3249.153600016143,266.22857562839926,2026-08-16 05:08:24,1000.0,24.0,5516.0,565.0,0.0,51.0,1.0,52.0,0.9807692307692308,118.0
140,1786856897,60,,Aggregated,54.7,0.0,310.0,430.0,510.0,570.0,930.0,1100.0,1100.0,1200.0,2700.0,3200.0,3200.0,6854,4,310,388.1017614968503,12.478700024075806,3249.153600016143,266.1156988619784,2026-08-16 05:08:25,1000.0,24.0,5565.0,567.0,0.0,49.0,2.0,51.0,0.9607843137254902,119.0
141,1786856898,60,,Aggregated,54.3,0.0,310.0,430.0,520.0,580.0,980.0,1100.0,1200.0,1200.0,2700.0,3200.0,3200.0,6904,4,310,393.7548849216668,12.478700024075806,3249.153600016143,265.8797798377752,2026-08-16 05:08:26,1000.0,24.0,5620.0,569.0,0.0,55.0,2.0,57.0,0.9649122807017544,119.0
142,1786856899,60,,Aggregated,54.1,0.0,320.0,440.0,520.0,590.0,1000.0,1100.0,1200.0,1200.0,2700.0,3200.0,3200.0,6962,4,320,399.9045924158236,12.478700024075806,3249.153600016143,265.47601264004595,2026-08-16 05:08:27,1000.0,24.0,5669.0,572.0,0.0,49.0,3.0,52.0,0.9423076923076924,119.0
143,1786856900,60,,Aggregated,53.3,0.0,320.0,440.0,530.0,600.0,1000.0,1100.0,1200.0,1200.0,2600.0,3200.0,3200.0,7014,4,320,405.3527540773675,12.478700024075806,3249.153600016143,264.98574280011405,2026-08-16 05:08:28,1000.0,24.0,5669.0,572.0,0.0,0.0,0.0,0.0,0.0,119.0
144,1786856901,60,,Aggregated,53.8,0.0,320.0,440.0,530.0,610.0,1100.0,1100.0,1200.0,1200.0,2600.0,3200.0,3200.0,7065,4,320,410.86307453628143,12.478700024075806,3249.153600016143,264.6942675159236,2026-08-16 05:08:29,1000.0,24.0,5717.0,575.0,0.0,48.0,3.0,51.0,0.9411764705882352,119.0
145,1786856902,60,,Aggregated,53.3,0.0,320.0,450.0,540.0,620.0,1100.0,1100.0,1200.0,1200.0,2600.0,3200.0,3200.0,7119,4,320,416.35560917250297,12.478700024075806,3249.153600016143,264.55134148054503,2026-08-16 05:08:30,1000.0,24.0,5770.0,576.0,0.0,53.0,1.0,54.0,0.9814814814814816,119.0
146,1786856903,60,,Aggregated,52.9,0.0,330.0,450.0,550.0,630.0,1100.0,1100.0,1200.0,1200.0,2600.0,3200.0,3200.0,7169,4,330,421.5119278001347,12.478700024075806,3249.153600016143,264.0976426279816,2026-08-16 05:08:31,1000.0,24.0,5820.0,578.0,0.0,50.0,2.0,52.0,0.9615384615384616,119.0
147,1786856904,60,,Aggregated,53.2,0.0,330.0,460.0,550.0,650.0,1100.0,1100.0,1200.0,1200.0,2600.0,3200.0,3200.0,7223,4,330,426.94006328385,12.478700024075806,3249.153600016143,263.94226775578016,2026-08-16 05:08:32,1000.0,24.0,5865.0,581.0,0.0,45.0,3.0,48.0,0.9375,120.0
148,1786856905,60,,Aggregated,52.8,0.0,330.0,460.0,560.0,660.0,1100.0,1100.0,1200.0,1200.0,2600.0,3200.0,3200.0,7274,4,330,431.9948440609122,12.478700024075806,3249.153600016143,263.66387132251856,2026-08-16 05:08:33,1000.0,24.0,5916.0,582.0,0.0,51.0,1.0,52.0,0.9807692307692308,120.0
149,1786856906,60,,Aggregated,52.7,0.0,330.0,470.0,570.0,690.0,1100.0,1100.0,1200.0,1200.0,2600.0,3200.0,3200.0,7325,4,330,437.2079683002641,12.478700024075806,3249.153600016143,263.39098976109216,2026-08-16 05:08:35,1000.0,24.0,5965.0,582.0,0.0,49.0,0.0,49.0,1.0,120.0
150,1786856907,60,,Aggregated,52.0,0.0,340.0,470.0,580.0,700.0,1100.0,1200.0,1200.0,1200.0,2600.0,3200.0,3200.0,7376,4,340,442.2079317515541,12.478700024075806,3249.153600016143,263.2418655097614,2026-08-16 05:08:36,1000.0,24.0,6015.0,584.0,0.0,50.0,2.0,52.0,0.9615384615384616,120.0
151,1786856908,60,,Aggregated,52.2,0.0,340.0,480.0,590.0,730.0,1100.0,1200.0,1200.0,1200.0,2600.0,3200.0,3200.0,7427,4,340,447.2931141375365,12.478700024075806,3249.153600016143,262.68116332301065,2026-08-16 05:08:37,1000.0,24.0,6065.0,588.0,0.0,50.0,4.0,54.0,0.925925925925926,120.0
152,1786856909,60,,Aggregated,51.8,0.0,340.0,480.0,600.0,750.0,1100.0,1200.0,1200.0,1300.0,2600.0,3200.0,3200.0,7477,4,340,452.5328869198297,12.478700024075806,3249.153600016143,262.275377825331,2026-08-16 05:08:38,1000.0,24.0,6113.0,591.0,0.0,48.0,3.0,51.0,0.9411764705882352,120.0
153,1786856910,60,,Aggregated,52.0,0.0,350.0,480.0,610.0,790.0,1100.0,1200.0,1200.0,1300.0,2600.0,3200.0,3200.0,7529,4,350,457.477652955204,12.478700024075806,3249.153600016143,261.78576172134416,2026-08-16 05:08:39,1000.0,23.0,6160.0,594.0,0.0,47.0,3.0,50.0,0.94,120.0
154,1786856911,60,,Aggregated,51.5,0.0,350.0,490.0,620.0,810.0,1100.0,1200.0,1200.0,1300.0,2600.0,3200.0,3200.0,7579,4,350,462.3574840743897,12.478700024075806,3249.153600016143,261.66275234199765,2026-08-16 05:08:40,1000.0,23.0,6207.0,596.0,0.0,47.0,2.0,49.0,0.9591836734693876,121.0
155,1786856912,60,,Aggregated,51.4,0.0,350.0,490.0,630.0,860.0,1100.0,1200.0,1200.0,1300.0,2600.0,3200.0,3200.0,7630,4,350,467.2392995544248,12.478700024075806,3249.153600016143,261.5321100917431,2026-08-16 05:08:41,1000.0,23.0,6207.0,596.0,0.0,0.0,0.0,0.0,0.0,121.0
156,1786856913,60,,Aggregated,51.3,0.0,350.0,500.0,640.0,900.0,1100.0,1200.0,1200.0,1300.0,2600.0,3200.0,3200.0,7679,4,350,471.8921379216261,12.478700024075806,3249.153600016143,261.53118895689545,2026-08-16 05:08:42,1000.0,23.0,6254.0,599.0,0.0,47.0,3.0,50.0,0.94,121.0
157,1786856914,60,,Aggregated,50.6,0.0,360.0,500.0,650.0,940.0,1100.0,1200.0,1200.0,1300.0,2600.0,3200.0,3200.0,7729,4,360,476.706926471762,12.478700024075806,3249.153600016143,261.1262776555829,2026-08-16 05:08:43,1000.0,23.0,6300.0,600.0,0.0,46.0,1.0,47.0,0.9787234042553192,121.0
158,1786856915,60,,Aggregated,50.9,0.0,360.0,510.0,670.0,990.0,1100.0,1200.0,1200.0,1300.0,2600.0,3200.0,3200.0,7778,4,360,481.5604860376021,12.478700024075806,3249.153600016143,260.8695037284649,2026-08-16 05:08:44,1000.0,23.0,6344.0,604.0,0.0,44.0,4.0,48.0,0.9166666666666666,121.0
159,1786856916,60,,Aggregated,50.3,0.0,360.0,510.0,690.0,1000.0,1100.0,1200.0,1200.0,1300.0,2600.0,3200.0,3200.0,7829,4,360,486.2159615149647,12.478700024075806,3249.153600016143,260.5270149444373,2026-08-16 05:08:45,1000.0,23.0,6394.0,608.0,0.0,50.0,4.0,54.0,0.925925925925926,121.0
