,User Count,Requests/s,Failures/s,50%,66%,75%,80%,90%,95%,98%,99%,99.9%,99.99%,100%,Total Request Count,Total Failure Count,Total Median Response Time,Total Average Response Time,Total Min Response Time,Total Max Response Time,Total Average Content Size,CPU,Memory,Cache Hits,Cache Misses,Cache Size,Cache Hits/s,Cache Misses/s,Cache Requests/s,Cache Hit Ratio,Cache Avg Latency
User Count,1.0,0.9715146072078044,-0.26456083944831366,-0.40560718860717493,-0.5525555864129021,-0.6011686995985399,-0.5832954807008525,-0.6005159164410057,-0.6896276973059255,-0.6493353236480169,-0.5129196305117172,0.49229101603226816,0.690360627334415,0.690360627334415,0.7060349410367895,0.914417869833307,-0.3523167450597752,-0.5983117005099065,-0.3465517723342067,0.7082452483377648,-0.8649858093200667,0.8610098282151061,0.83184975881422,0.6843971749010219,0.8310547568709441,,0.8590395485609379,-0.22723742582336498,0.8467309797701855,0.7032665508536465,-0.7569217718565403
Requests/s,0.9715146072078044,1.0,-0.24164368582153542,-0.39390350420281467,-0.5511991229424412,-0.6118891012797616,-0.6219971980239196,-0.6785937589933431,-0.7683238842078456,-0.7352514562151082,-0.588331705815586,0.4575472441625357,0.627293015512954,0.627293015512954,0.69039495223465,0.9428789509268106,-0.3508807859741215,-0.6461898134986437,-0.2997339698039854,0.6385271681724498,-0.8838782058284823,0.8711459833832722,0.7932460055272895,0.6676958084434259,0.825544660190002,,0.8649269182117303,-0.26627558611866115,0.8473076383926152,0.6763185467635001,-0.7939803287640532
Failures/s,-0.26456083944831366,-0.24164368582153542,1.0,0.2208695183332531,0.20388919113492443,0.15449063632331922,0.11329166561017755,0.18757975669783458,0.18567271882145323,0.37179887294527475,0.3629534982446838,0.08967746783758498,-0.08037843573986744,-0.08037843573986744,-0.4317631102149495,-0.21364632026533842,0.2138924528186261,0.22598942362615,-0.05311912508321656,-0.05378203562234356,0.35235891977786704,-0.3990518118754998,-0.3043769967545772,-0.4314949643033574,-0.41161528930818686,,-0.23379053208383832,0.39191650608398587,-0.18441504468450204,-0.22465487793694217,0.37051887478507095
50%,-0.40560718860717493,-0.39390350420281467,0.2208695183332531,1.0,0.9106537463000784,0.807729173857635,0.7401159652650591,0.5288863295103751,0.28959147099442206,0.0574883727319731,-0.17311066337991488,-0.5129654079155475,-0.4187480253103439,-0.4187480253103439,0.08477069166244404,-0.17151963014086005,0.999035673896014,0.8272632513802255,0.07123923895472677,-0.41978323754028674,0.24041737304982946,-0.08080839575291401,-0.2575015877962493,0.10288817493448474,-0.03614769450683176,,-0.4152518145143132,0.2123612236471543,-0.39632995789985115,-0.6083847473032274,0.5453915031964117
66%,-0.5525555864129021,-0.5511991229424412,0.20388919113492443,0.9106537463000784,1.0,0.9587835080435992,0.901562502090181,0.7366463192745503,0.5527030454759666,0.31546683709757906,0.07172683565678159,-0.4037707543274125,-0.3457971724137871,-0.3457971724137871,-0.049870931130666665,-0.3352249374567248,0.9081487412183309,0.9458574687034613,0.0032403416865493073,-0.34699452775953066,0.3984102880057898,-0.23568453317313645,-0.2884926117247222,-0.030087239737602793,-0.1733816389154779,,-0.5202727561406891,0.17608702194416942,-0.5092616117166502,-0.5619596055904696,0.7591119073446049
75%,-0.6011686995985399,-0.6118891012797616,0.15449063632331922,0.807729173857635,0.9587835080435992,1.0,0.9727109980225133,0.8349227331680339,0.6668250103808551,0.42346125158125014,0.16987291295925547,-0.3671684036165312,-0.3138612382605692,-0.3138612382605692,-0.08613686700752554,-0.3981852099577446,0.8035937463871351,0.9650780912297431,0.005000436977569458,-0.3152828829208011,0.453316940021032,-0.2904086516252778,-0.28711461813388545,-0.06534175153210305,-0.21406871340885242,,-0.5580701092032405,0.13303969124182033,-0.554137851580553,-0.5184309936378876,0.8112293069529705
80%,-0.5832954807008525,-0.6219971980239196,0.11329166561017755,0.7401159652650591,0.901562502090181,0.9727109980225133,1.0,0.8950347772977476,0.726841897746367,0.4752503313517624,0.21920832235712254,-0.34006312414199563,-0.26665490699236594,-0.26665490699236594,-0.06357346640657262,-0.3948187888873276,0.73675609843169,0.9604455837397401,-0.017416015580843908,-0.26792078549770154,0.4467620796048106,-0.2898654396258379,-0.2480948319244868,-0.041914513399271006,-0.1987042369021173,,-0.5526080113202951,0.10123504923223228,-0.5530180516924028,-0.46962141236929733,0.7991551183729776
90%,-0.6005159164410057,-0.6785937589933431,0.18757975669783458,0.5288863295103751,0.7366463192745503,0.8349227331680339,0.8950347772977476,1.0,0.8932626854224669,0.6961894993127067,0.453212582678581,-0.19923091696322642,-0.134705958058147,-0.134705958058147,-0.149393077966174,-0.47113087199417286,0.5248572224605861,0.8918913045054903,-0.06712608307376972,-0.13578672403128503,0.5132450970162484,-0.3792816182045048,-0.21460331980666253,-0.12706465232180997,-0.2823641796217311,,-0.5557370087528661,0.05691821659831171,-0.5624832180066082,-0.34958323745954106,0.8102052668380926
95%,-0.6896276973059255,-0.7683238842078456,0.18567271882145323,0.28959147099442206,0.5527030454759666,0.6668250103808551,0.726841897746367,0.8932626854224669,1.0,0.8922378113762128,0.7228542244525183,-0.04551669952745382,-0.06523357961664382,-0.06523357961664382,-0.3759709188708809,-0.668878511999473,0.28181170933941796,0.748482722835497,-0.10062396769148296,-0.06622801603534356,0.6651328733663687,-0.5794793637133111,-0.3146820516708869,-0.35550516397511567,-0.49079225642140484,,-0.6350855280320349,0.08590899094599008,-0.6398511267384056,-0.30613849658958064,0.8266758312618777
98%,-0.6493353236480169,-0.7352514562151082,0.37179887294527475,0.0574883727319731,0.31546683709757906,0.42346125158125014,0.4752503313517624,0.6961894993127067,0.8922378113762128,1.0,0.9349070424294357,0.18090459967171504,0.02961580429621245,0.02961580429621245,-0.6403310505571327,-0.7472061639642212,0.049361298637838724,0.5231544844742599,-0.14329352587208785,0.0293227492069248,0.7384627542476738,-0.7538620140225545,-0.4358740263298791,-0.6281720453810856,-0.6958680152112562,,-0.5982295710471526,0.24997444653370268,-0.5788660318034344,-0.24000714776868343,0.7869434516419681
99%,-0.5129196305117172,-0.588331705815586,0.3629534982446838,-0.17311066337991488,0.07172683565678159,0.16987291295925547,0.21920832235712254,0.453212582678581,0.7228542244525183,0.9349070424294357,1.0,0.41335886020080786,0.17020149480972468,0.17020149480972468,-0.7450628414782976,-0.6863158374791463,-0.18209678428680115,0.2604683331367034,-0.21142165859517312,0.16993294563446895,0.6695936761958197,-0.7606314811118374,-0.41710283893443884,-0.7424161800339719,-0.7324955920346713,,-0.4645325486896627,0.3080297102644868,-0.4334225522246159,-0.09749795706713302,0.6523884945863762
99.9%,0.49229101603226816,0.4575472441625357,0.08967746783758498,-0.5129654079155475,-0.4037707543274125,-0.3671684036165312,-0.34006312414199563,-0.19923091696322642,-0.04551669952745382,0.18090459967171504,0.41335886020080786,1.0,0.8985635945854634,0.8985635945854634,-0.0450276461753287,0.3046965952218955,-0.5103038305295895,-0.39555050591767604,-0.6148573337955239,0.8984238892367118,-0.33246334046764187,0.14804499480606803,0.4364782076880038,-0.06797250728241523,0.1292126139879285,,0.4402075524061115,0.009916498728587962,0.45331197457512756,0.5988892795139983,-0.1077657126572687
99.99%,0.690360627334415,0.627293015512954,-0.08037843573986744,-0.4187480253103439,-0.3457971724137871,-0.3138612382605692,-0.26665490699236594,-0.134705958058147,-0.06523357961664382,0.02961580429621245,0.17020149480972468,0.8985635945854634,1.0,1.0,0.3567616139701326,0.5481587328677568,-0.4107362344041906,-0.3406258561164777,-0.6656757139577513,0.9999174419690643,-0.601474243501468,0.4773927653104714,0.7170035650919102,0.33844119857043664,0.48667856146240074,,0.5791264246063341,-0.19583504508860555,0.566893829756204,0.6909797371624951,-0.26502811280951444
100%,0.690360627334415,0.627293015512954,-0.08037843573986744,-0.4187480253103439,-0.3457971724137871,-0.3138612382605692,-0.26665490699236594,-0.134705958058147,-0.06523357961664382,0.02961580429621245,0.17020149480972468,0.8985635945854634,1.0,1.0,0.3567616139701326,0.5481587328677568,-0.4107362344041906,-0.3406258561164777,-0.6656757139577513,0.9999174419690643,-0.601474243501468,0.4773927653104714,0.7170035650919102,0.33844119857043664,0.48667856146240074,,0.5791264246063341,-0.19583504508860555,0.566893829756204,0.6909797371624951,-0.26502811280951444
Total Request Count,0.7060349410367895,0.69039495223465,-0.4317631102149495,0.08477069166244404,-0.049870931130666665,-0.08613686700752554,-0.06357346640657262,-0.149393077966174,-0.3759709188708809,-0.6403310505571327,-0.7450628414782976,-0.0450276461753287,0.3567616139701326,0.3567616139701326,1.0,0.8146169039212758,0.10941664362783697,-0.11963947358930992,-0.1647811891503788,0.3656027095864942,-0.811956208806679,0.9448835781847584,0.8044626545767659,0.9994796761521367,0.9745121087382499,,0.5898913635013323,-0.46546271936941763,0.5382932021082989,0.39709979538841345,-0.5678006019422921
Total Failure Count,0.914417869833307,0.9428789509268106,-0.21364632026533842,-0.17151963014086005,-0.3352249374567248,-0.3981852099577446,-0.3948187888873276,-0.47113087199417286,-0.668878511999473,-0.7472061639642212,-0.6863158374791463,0.3046965952218955,0.5481587328677568,0.5481587328677568,0.8146169039212758,1.0,-0.13241533578046297,-0.4317159085431771,-0.29686546461810626,0.5696598939385641,-0.8902784117261391,0.9372689751199238,0.8152065733068662,0.7978098118271217,0.9102143240864748,,0.8077151299526892,-0.29537081008723376,0.7847482441083433,0.5869585626249694,-0.6973356927018085
Total Median Response Time,-0.3523167450597752,-0.3508807859741215,0.2138924528186261,0.999035673896014,0.9081487412183309,0.8035937463871351,0.73675609843169,0.5248572224605861,0.28181170933941796,0.049361298637838724,-0.18209678428680115,-0.5103038305295895,-0.4107362344041906,-0.4107362344041906,0.10941664362783697,-0.13241533578046297,1.0,0.8262204071141385,0.07152832389186181,-0.3152059030023194,0.2427828017652186,-0.05012852726353955,-0.21336986764230326,0.12663622591105492,-0.004584476888001971,,-0.37804804139964054,0.2156829604217747,-0.35650076859396934,-0.5628793588744113,0.540943831176859
Total Average Response Time,-0.5983117005099065,-0.6461898134986437,0.22598942362615,0.8272632513802255,0.9458574687034613,0.9650780912297431,0.9604455837397401,0.8918913045054903,0.748482722835497,0.5231544844742599,0.2604683331367034,-0.39555050591767604,-0.3406258561164777,-0.3406258561164777,-0.11963947358930992,-0.4317159085431771,0.8262204071141385,1.0,0.027677635851870712,-0.23047638835032735,0.546267882154778,-0.3392881428781409,-0.30162948654992827,-0.0973528486383403,-0.2552056058375523,,-0.5858280166373562,0.18718566145139445,-0.5729413860591895,-0.5239906857094394,0.8446480898065619
Total Min Response Time,-0.3465517723342067,-0.2997339698039854,-0.05311912508321656,0.07123923895472677,0.0032403416865493073,0.005000436977569458,-0.017416015580843908,-0.06712608307376972,-0.10062396769148296,-0.14329352587208785,-0.21142165859517312,-0.6148573337955239,-0.6656757139577513,-0.6656757139577513,-0.1647811891503788,-0.29686546461810626,0.07152832389186181,0.027677635851870712,1.0,-0.568623600072605,0.3339940615937576,-0.2200699406024746,-0.3416477052860296,-0.15546169590041348,-0.23536947986021708,,-0.2635635446498367,-0.10978316284323475,-0.28481708323186583,-0.31327032324553494,-0.0485899624828264
Total Max Response Time,0.7082452483377648,0.6385271681724498,-0.05378203562234356,-0.41978323754028674,-0.34699452775953066,-0.3152828829208011,-0.26792078549770154,-0.13578672403128503,-0.06622801603534356,0.0293227492069248,0.16993294563446895,0.8984238892367118,0.9999174419690643,0.9999174419690643,0.3656027095864942,0.5696598939385641,-0.3152059030023194,-0.23047638835032735,-0.568623600072605,1.0,-0.43923294200822943,0.48707062001399876,0.7256372649746337,0.34668612541877086,0.4996717156797785,,0.5874902616588485,-0.12137255643264225,0.5838181620101085,0.6968843639653232,-0.1974680588530585
Total Average Content Size,-0.8649858093200667,-0.8838782058284823,0.35235891977786704,0.24041737304982946,0.3984102880057898,0.453316940021032,0.4467620796048106,0.5132450970162484,0.6651328733663687,0.7384627542476738,0.6695936761958197,-0.33246334046764187,-0.601474243501468,-0.601474243501468,-0.811956208806679,-0.8902784117261391,0.2427828017652186,0.546267882154778,0.3339940615937576,-0.43923294200822943,1.0,-0.9067203585868457,-0.778481899961008,-0.7977451016740278,-0.8829707411411601,,-0.7644681084154311,0.37445343496198563,-0.7294983383694813,-0.5527026843767917,0.7844319452573132
CPU,0.8610098282151061,0.8711459833832722,-0.3990518118754998,-0.08080839575291401,-0.23568453317313645,-0.2904086516252778,-0.2898654396258379,-0.3792816182045048,-0.5794793637133111,-0.7538620140225545,-0.7606314811118374,0.14804499480606803,0.4773927653104714,0.4773927653104714,0.9448835781847584,0.9372689751199238,-0.05012852726353955,-0.3392881428781409,-0.2200699406024746,0.48707062001399876,-0.9067203585868457,1.0,0.85452343892311,0.9347383118514636,0.9879719539864018,,0.7470184861909198,-0.4177877228350979,0.7056125299780787,0.5309620114401463,-0.6944961123867989
Memory,0.83184975881422,0.7932460055272895,-0.3043769967545772,-0.2575015877962493,-0.2884926117247222,-0.28711461813388545,-0.2480948319244868,-0.21460331980666253,-0.3146820516708869,-0.4358740263298791,-0.41710283893443884,0.4364782076880038,0.7170035650919102,0.7170035650919102,0.8044626545767659,0.8152065733068662,-0.21336986764230326,-0.30162948654992827,-0.3416477052860296,0.7256372649746337,-0.778481899961008,0.85452343892311,1.0,0.7928892879855135,0.8698787188466932,,0.7111786756669847,-0.3871222984291574,0.6732402829735968,0.6590501022904308,-0.5278175007355151
Cache Hits,0.6843971749010219,0.6676958084434259,-0.4314949643033574,0.10288817493448474,-0.030087239737602793,-0.06534175153210305,-0.041914513399271006,-0.12706465232180997,-0.35550516397511567,-0.6281720453810856,-0.7424161800339719,-0.06797250728241523,0.33844119857043664,0.33844119857043664,0.9994796761521367,0.7978098118271217,0.12663622591105492,-0.0973528486383403,-0.15546169590041348,0.34668612541877086,-0.7977451016740278,0.9347383118514636,0.7928892879855135,1.0,0.9669742224948031,,0.5706018238487383,-0.46829636198943964,0.5181734170433558,0.37975167652548436,-0.5528606844645874
Cache Misses,0.8310547568709441,0.825544660190002,-0.41161528930818686,-0.03614769450683176,-0.1733816389154779,-0.21406871340885242,-0.1987042369021173,-0.2823641796217311,-0.49079225642140484,-0.6958680152112562,-0.7324955920346713,0.1292126139879285,0.48667856146240074,0.48667856146240074,0.9745121087382499,0.9102143240864748,-0.004584476888001971,-0.2552056058375523,-0.23536947986021708,0.4996717156797785,-0.8829707411411601,0.9879719539864018,0.8698787188466932,0.9669742224948031,1.0,,0.7116964366878439,-0.43259043610782166,0.6674296076083239,0.516190739557926,-0.637364937938063
Cache Size,,,,,,,,,,,,,,,,,,,,,,,,,,,,,,,
Cache Hits/s,0.8590395485609379,0.8649269182117303,-0.23379053208383832,-0.4152518145143132,-0.5202727561406891,-0.5580701092032405,-0.5526080113202951,-0.5557370087528661,-0.6350855280320349,-0.5982295710471526,-0.4645325486896627,0.4402075524061115,0.5791264246063341,0.5791264246063341,0.5898913635013323,0.8077151299526892,-0.37804804139964054,-0.5858280166373562,-0.2635635446498367,0.5874902616588485,-0.7644681084154311,0.7470184861909198,0.7111786756669847,0.5706018238487383,0.7116964366878439,,1.0,-0.2281677703366701,0.990741390004634,0.8829972711169605,-0.6895883015191632
Cache Misses/s,-0.22723742582336498,-0.26627558611866115,0.39191650608398587,0.2123612236471543,0.17608702194416942,0.13303969124182033,0.10123504923223228,0.05691821659831171,0.08590899094599008,0.24997444653370268,0.3080297102644868,0.009916498728587962,-0.19583504508860555,-0.19583504508860555,-0.46546271936941763,-0.29537081008723376,0.2156829604217747,0.18718566145139445,-0.10978316284323475,-0.12137255643264225,0.37445343496198563,-0.4177877228350979,-0.3871222984291574,-0.46829636198943964,-0.43259043610782166,,-0.2281677703366701,1.0,-0.09387377057448235,-0.25446465935620227,0.34076748214326
Cache Requests/s,0.8467309797701855,0.8473076383926152,-0.18441504468450204,-0.39632995789985115,-0.5092616117166502,-0.554137851580553,-0.5530180516924028,-0.5624832180066082,-0.6398511267384056,-0.5788660318034344,-0.4334225522246159,0.45331197457512756,0.566893829756204,0.566893829756204,0.5382932021082989,0.7847482441083433,-0.35650076859396934,-0.5729413860591895,-0.28481708323186583,0.5838181620101085,-0.7294983383694813,0.7056125299780787,0.6732402829735968,0.5181734170433558,0.6674296076083239,,0.990741390004634,-0.09387377057448235,1.0,0.8674325352658301,-0.6576266432277355
Cache Hit Ratio,0.7032665508536465,0.6763185467635001,-0.22465487793694217,-0.6083847473032274,-0.5619596055904696,-0.5184309936378876,-0.46962141236929733,-0.34958323745954106,-0.30613849658958064,-0.24000714776868343,-0.09749795706713302,0.5988892795139983,0.6909797371624951,0.6909797371624951,0.39709979538841345,0.5869585626249694,-0.5628793588744113,-0.5239906857094394,-0.31327032324553494,0.6968843639653232,-0.5527026843767917,0.5309620114401463,0.6590501022904308,0.37975167652548436,0.516190739557926,,0.8829972711169605,-0.25446465935620227,0.8674325352658301,1.0,-0.4977665883575754
Cache Avg Latency,-0.7569217718565403,-0.7939803287640532,0.37051887478507095,0.5453915031964117,0.7591119073446049,0.8112293069529705,0.7991551183729776,0.8102052668380926,0.8266758312618777,0.7869434516419681,0.6523884945863762,-0.1077657126572687,-0.26502811280951444,-0.26502811280951444,-0.5678006019422921,-0.6973356927018085,0.540943831176859,0.8446480898065619,-0.0485899624828264,-0.1974680588530585,0.7844319452573132,-0.6944961123867989,-0.5278175007355151,-0.5528606844645874,-0.637364937938063,,-0.6895883015191632,0.34076748214326,-0.6576266432277355,-0.4977665883575754,1.0
