Sample,Timestamp,User Count,Type,Name,Requests/s,Failures/s,50%,66%,75%,80%,90%,95%,98%,99%,99.9%,99.99%,100%,Total Request Count,Total Failure Count,Total Median Response Time,Total Average Response Time,Total Min Response Time,Total Max Response Time,Total Average Content Size,Captured Timestamp,CPU,Memory
0,1786300292,0,,Aggregated,0.0,0.0,,,,,,,,,,,,0,0,0,0.0,0.0,0.0,0.0,2026-08-09 18:31:34,0.0,4.0
1,1786300293,2,,Aggregated,0.0,0.0,600.0,600.0,600.0,600.0,600.0,600.0,600.0,600.0,600.0,600.0,600.0,2,0,590,591.5068540198263,587.0780840050429,595.9356240346096,825.0,2026-08-09 18:31:35,0.0,4.0
2,1786300294,4,,Aggregated,0.0,0.0,600.0,600.0,630.0,630.0,630.0,630.0,630.0,630.0,630.0,630.0,630.0,6,0,590,523.589788179379,202.86868599941957,633.1480829976499,825.0,2026-08-09 18:31:36,0.0,4.0
3,1786300295,6,,Aggregated,0.0,0.0,590.0,600.0,630.0,630.0,630.0,630.0,630.0,630.0,630.0,630.0,630.0,8,0,490,464.9042331293458,202.86868599941957,633.1480829976499,825.0,2026-08-09 18:31:38,0.0,4.0
4,1786300296,8,,Aggregated,1.0,0.0,600.0,630.0,1000.0,1000.0,1000.0,1000.0,1000.0,1000.0,1000.0,1000.0,1000.0,16,0,590,611.0481650066504,200.42407303117216,1028.7327339756305,825.0,2026-08-09 18:31:39,0.0,4.0
5,1786300297,10,,Aggregated,2.0,0.0,630.0,1000.0,1000.0,1000.0,1800.0,1800.0,1800.0,1800.0,1800.0,1800.0,1800.0,22,0,630,802.184459184487,200.42407303117216,1829.5468059950508,825.0,2026-08-09 18:31:40,0.0,4.0
6,1786300298,10,,Aggregated,2.25,0.0,650.0,1000.0,1000.0,1600.0,1800.0,1800.0,1800.0,1800.0,1800.0,1800.0,1800.0,25,0,650,885.5166504438967,200.42407303117216,1829.5468059950508,824.8,2026-08-09 18:31:41,0.0,4.0
7,1786300299,10,,Aggregated,3.2,0.0,1000.0,1300.0,1400.0,1600.0,1800.0,1800.0,2100.0,2100.0,2100.0,2100.0,2100.0,33,0,1000,1006.8021797589169,200.42407303117216,2085.4928769986145,824.3939393939394,2026-08-09 18:31:42,0.0,4.0
8,1786300300,10,,Aggregated,3.666667,0.0,1000.0,1300.0,1600.0,1800.0,1800.0,2100.0,2400.0,2400.0,2400.0,2400.0,2400.0,38,0,1000,1093.981231103259,200.42407303117216,2354.347499960568,802.6315789473684,2026-08-09 18:31:43,0.0,4.0
9,1786300301,10,,Aggregated,3.571429,0.0,1100.0,1400.0,1800.0,1800.0,2000.0,2100.0,2400.0,2400.0,2400.0,2400.0,2400.0,45,0,1100,1178.1813250194923,200.42407303117216,2367.189529002644,806.0,2026-08-09 18:31:44,0.0,4.0
10,1786300302,10,,Aggregated,4.125,0.0,1200.0,1600.0,1800.0,1800.0,2000.0,2100.0,2400.0,2400.0,2400.0,2400.0,2400.0,52,0,1200,1222.7038065958857,200.42407303117216,2367.189529002644,808.4615384615385,2026-08-09 18:31:45,0.0,4.0
11,1786300303,11,,Aggregated,4.333333,0.0,1300.0,1600.0,1800.0,1800.0,2100.0,2100.0,2400.0,2400.0,2400.0,2400.0,2400.0,59,0,1300,1257.2476255433176,200.42407303117216,2367.189529002644,810.3389830508474,2026-08-09 18:31:46,0.0,4.0
12,1786300304,12,,Aggregated,4.5,0.0,1300.0,1600.0,1800.0,1800.0,2100.0,2100.0,2400.0,2400.0,2400.0,2400.0,2400.0,63,0,1300,1299.0043100176586,200.42407303117216,2367.189529002644,811.1904761904761,2026-08-09 18:31:47,0.0,4.0
13,1786300305,13,,Aggregated,5.2,0.0,1400.0,1700.0,1800.0,1900.0,2100.0,2400.0,2500.0,3100.0,3100.0,3100.0,3100.0,68,0,1300,1360.464809649891,200.42407303117216,3101.223225996364,800.0,2026-08-09 18:31:48,0.0,4.0
14,1786300306,14,,Aggregated,5.7,0.0,1400.0,1800.0,2000.0,2100.0,2200.0,2500.0,2900.0,3100.0,3100.0,3100.0,3100.0,76,0,1400,1450.629976961002,200.42407303117216,3101.223225996364,791.7763157894736,2026-08-09 18:31:49,0.0,4.0
15,1786300307,15,,Aggregated,5.7,0.0,1600.0,1800.0,2000.0,2100.0,2200.0,2400.0,2900.0,3100.0,3100.0,3100.0,3100.0,81,0,1600,1466.3331786926583,200.42407303117216,3101.223225996364,793.8271604938271,2026-08-09 18:31:50,0.0,4.0
16,1786300308,16,,Aggregated,5.9,0.0,1600.0,1800.0,2000.0,2100.0,2300.0,2600.0,3100.0,3400.0,3400.0,3400.0,3400.0,87,0,1600,1503.58043651795,200.42407303117216,3370.076719962526,778.919540229885,2026-08-09 18:31:51,0.0,4.0
17,1786300309,17,,Aggregated,6.0,0.0,1600.0,1900.0,2100.0,2100.0,2400.0,2900.0,3400.0,3700.0,3700.0,3700.0,3700.0,95,0,1600,1574.1010918533184,200.42407303117216,3666.2280230084434,767.0842105263158,2026-08-09 18:31:52,0.0,4.0
18,1786300310,18,,Aggregated,5.9,0.0,1700.0,2000.0,2100.0,2100.0,2500.0,3100.0,3700.0,4100.0,4100.0,4100.0,4100.0,99,0,1700,1627.5172673837244,200.42407303117216,4093.225302989594,769.3838383838383,2026-08-09 18:31:54,34.0,11.0
19,1786300311,19,,Aggregated,6.2,0.0,1800.0,2000.0,2100.0,2200.0,2600.0,3100.0,3400.0,3700.0,4100.0,4100.0,4100.0,103,0,1800,1669.3142179418942,200.42407303117216,4093.225302989594,763.4563106796116,2026-08-09 18:31:55,34.0,11.0
20,1786300312,20,,Aggregated,6.2,0.0,1800.0,2100.0,2200.0,2400.0,3100.0,3300.0,3700.0,4100.0,4200.0,4200.0,4200.0,113,0,1800,1779.0479757426417,200.42407303117216,4179.746367968619,763.0,2026-08-09 18:31:56,34.0,11.0
21,1786300313,25,,Aggregated,6.0,0.0,1800.0,2100.0,2200.0,2400.0,3200.0,3300.0,4100.0,4200.0,4200.0,4200.0,4200.0,117,0,1800,1810.8367429480045,200.42407303117216,4243.634284997825,759.4615384615385,2026-08-09 18:31:57,34.0,11.0
22,1786300314,30,,Aggregated,5.8,0.0,1800.0,2100.0,2200.0,2400.0,3200.0,3400.0,4100.0,4200.0,4200.0,4200.0,4200.0,122,0,1800,1839.486772229811,200.42407303117216,4243.634284997825,755.3196721311475,2026-08-09 18:31:58,34.0,11.0
23,1786300315,35,,Aggregated,6.1,0.0,1800.0,2200.0,2400.0,2600.0,3300.0,3900.0,4200.0,4200.0,5100.0,5100.0,5100.0,130,0,1800,1918.985079269176,200.42407303117216,5065.724487998523,736.8153846153846,2026-08-09 18:31:59,34.0,11.0
24,1786300317,40,,Aggregated,5.8,0.0,1900.0,2200.0,2400.0,2800.0,3400.0,4100.0,4400.0,5100.0,5100.0,5100.0,5100.0,138,0,1800,1988.958864051012,200.42407303117216,5146.164448000491,732.2536231884058,2026-08-09 18:32:00,34.0,11.0
25,1786300318,40,,Aggregated,5.9,0.0,1900.0,2200.0,2600.0,3100.0,3500.0,4200.0,5000.0,5100.0,5100.0,5100.0,5100.0,146,0,1900,2069.054447014398,200.42407303117216,5146.164448000491,719.2602739726027,2026-08-09 18:32:01,34.0,11.0
26,1786300319,40,,Aggregated,6.2,0.0,2000.0,2300.0,2900.0,3200.0,3900.0,4700.0,5000.0,5100.0,5900.0,5900.0,5900.0,153,0,2000,2167.634592759058,200.42407303117216,5900.29073698679,711.1437908496732,2026-08-09 18:32:02,34.0,11.0
27,1786300320,40,,Aggregated,6.2,0.0,2100.0,2400.0,3200.0,3300.0,4300.0,4900.0,5100.0,5900.0,6400.0,6400.0,6400.0,165,0,2100,2292.613976812837,200.42407303117216,6425.362428009976,675.7454545454545,2026-08-09 18:32:03,34.0,11.0
28,1786300321,40,,Aggregated,6.5,0.0,2100.0,2800.0,3300.0,3400.0,4600.0,5000.0,6200.0,6300.0,6400.0,6400.0,6400.0,176,0,2100,2435.1680904831237,200.42407303117216,6425.362428009976,646.8011363636364,2026-08-09 18:32:04,34.0,11.0
29,1786300322,40,,Aggregated,6.6,0.0,2100.0,3100.0,3400.0,3900.0,4700.0,5100.0,6300.0,6400.0,7500.0,7500.0,7500.0,191,0,2100,2544.468999093981,105.27270601596685,7534.725436009467,612.6335078534031,2026-08-09 18:32:05,34.0,11.0
30,1786300323,40,,Aggregated,7.0,0.0,2200.0,3100.0,3400.0,4100.0,4700.0,5100.0,6200.0,6300.0,7500.0,7500.0,7500.0,202,0,2200,2588.596160995306,105.27270601596685,7534.725436009467,594.7920792079208,2026-08-09 18:32:06,34.0,11.0
31,1786300324,40,,Aggregated,7.7,0.0,2200.0,3100.0,3500.0,4100.0,4800.0,5400.0,6200.0,6300.0,7500.0,7500.0,7500.0,211,0,2200,2631.3451502935063,105.27270601596685,7534.725436009467,579.6161137440758,2026-08-09 18:32:07,34.0,11.0
32,1786300325,40,,Aggregated,8.8,0.0,2400.0,3200.0,3800.0,4100.0,4800.0,5300.0,6200.0,6300.0,7500.0,7500.0,7500.0,224,0,2300,2677.767539067125,105.27270601596685,7534.725436009467,555.59375,2026-08-09 18:32:09,80.0,19.0
33,1786300326,40,,Aggregated,9.4,0.0,2400.0,3200.0,3900.0,4100.0,4900.0,5300.0,6200.0,6300.0,7500.0,7500.0,7500.0,236,0,2400,2701.616879953397,105.27270601596685,7534.725436009467,541.25,2026-08-09 18:32:10,80.0,19.0
34,1786300327,40,,Aggregated,9.4,0.0,2400.0,3200.0,3900.0,4100.0,4900.0,5300.0,6200.0,6300.0,7500.0,7500.0,7500.0,245,0,2400,2712.5249251305145,105.27270601596685,7534.725436009467,530.1836734693877,2026-08-09 18:32:11,80.0,19.0
35,1786300328,40,,Aggregated,10.2,0.0,2500.0,3300.0,3900.0,4200.0,5000.0,5400.0,6100.0,6300.0,7500.0,7500.0,7500.0,255,0,2500,2763.0913974584864,105.27270601596685,7534.725436009467,515.3843137254902,2026-08-09 18:32:12,80.0,19.0
36,1786300329,40,,Aggregated,10.5,0.0,2600.0,3300.0,4000.0,4200.0,5000.0,5400.0,6200.0,6400.0,7500.0,7500.0,7500.0,272,0,2600,2817.497815903634,105.27270601596685,7534.725436009467,497.6911764705882,2026-08-09 18:32:13,80.0,19.0
37,1786300330,40,,Aggregated,10.7,0.0,2600.0,3400.0,4000.0,4200.0,5000.0,5400.0,6200.0,6400.0,7500.0,7500.0,7500.0,277,0,2600,2832.3478799849995,105.27270601596685,7534.725436009467,491.7075812274368,2026-08-09 18:32:14,80.0,19.0
38,1786300331,40,,Aggregated,10.9,0.0,2600.0,3500.0,4000.0,4200.0,5000.0,5400.0,6200.0,6400.0,7500.0,7500.0,7500.0,295,0,2600,2864.528914382563,105.27270601596685,7534.725436009467,478.6474576271186,2026-08-09 18:32:15,80.0,19.0
39,1786300332,40,,Aggregated,11.2,0.0,2700.0,3600.0,4000.0,4200.0,5000.0,5400.0,6200.0,6400.0,7500.0,7500.0,7500.0,306,0,2700,2888.069069571489,105.27270601596685,7534.725436009467,467.5522875816994,2026-08-09 18:32:16,80.0,19.0
40,1786300333,40,,Aggregated,11.2,0.0,2700.0,3700.0,4000.0,4200.0,5100.0,5400.0,6300.0,6400.0,7500.0,7500.0,7500.0,317,0,2700,2914.3290997191616,105.27270601596685,7534.725436009467,461.34384858044166,2026-08-09 18:32:17,80.0,19.0
41,1786300334,40,,Aggregated,11.9,0.0,2700.0,3700.0,4000.0,4200.0,5100.0,5400.0,6300.0,6400.0,7500.0,7500.0,7500.0,329,0,2700,2934.5236158263474,105.27270601596685,7534.725436009467,452.19452887538,2026-08-09 18:32:18,80.0,19.0
42,1786300335,40,,Aggregated,11.4,0.0,2800.0,3700.0,4000.0,4200.0,5100.0,5400.0,6300.0,6400.0,7500.0,7500.0,7500.0,342,0,2800,2949.340611300533,105.27270601596685,7534.725436009467,440.9736842105263,2026-08-09 18:32:19,80.0,19.0
43,1786300336,40,,Aggregated,11.5,0.0,2800.0,3700.0,4000.0,4200.0,5100.0,5400.0,6300.0,6400.0,7500.0,7500.0,7500.0,349,0,2800,2954.4067745207726,105.27270601596685,7534.725436009467,439.25501432664754,2026-08-09 18:32:20,80.0,19.0
44,1786300337,40,,Aggregated,11.8,0.0,2800.0,3700.0,4000.0,4200.0,5100.0,5400.0,6200.0,6400.0,7500.0,7500.0,7500.0,360,0,2800,2983.514591024141,105.27270601596685,7534.725436009467,434.60277777777776,2026-08-09 18:32:21,80.0,19.0
45,1786300338,40,,Aggregated,11.8,0.0,2800.0,3700.0,4000.0,4200.0,5100.0,5400.0,6200.0,6400.0,7500.0,7500.0,7500.0,371,0,2800,3003.162204325287,105.27270601596685,7534.725436009467,428.44743935309975,2026-08-09 18:32:22,80.0,19.0
46,1786300339,40,,Aggregated,11.4,0.0,2800.0,3800.0,4100.0,4300.0,5100.0,5500.0,6200.0,6400.0,7500.0,7500.0,7500.0,383,0,2800,3026.860008578396,105.27270601596685,7534.725436009467,425.38903394255874,2026-08-09 18:32:23,111.0,19.0
47,1786300340,40,,Aggregated,11.6,0.0,2900.0,3900.0,4200.0,4300.0,5200.0,5500.0,6200.0,6400.0,7500.0,7500.0,7500.0,398,0,2800,3045.3655494860523,105.27270601596685,7534.725436009467,416.9447236180905,2026-08-09 18:32:25,111.0,19.0
48,1786300341,40,,Aggregated,11.6,0.0,2800.0,3900.0,4100.0,4300.0,5200.0,5500.0,6100.0,6400.0,7500.0,7500.0,7500.0,407,0,2800,3048.24459945588,105.27270601596685,7534.725436009467,416.3144963144963,2026-08-09 18:32:26,111.0,19.0
49,1786300342,40,,Aggregated,11.1,0.0,2800.0,3900.0,4100.0,4300.0,5200.0,5500.0,6100.0,6400.0,7500.0,7500.0,7500.0,415,0,2800,3057.449191897625,105.27270601596685,7534.725436009467,411.1060240963856,2026-08-09 18:32:27,111.0,19.0
50,1786300343,40,,Aggregated,12.0,0.0,2800.0,3900.0,4100.0,4300.0,5200.0,5500.0,6100.0,6400.0,7500.0,7500.0,7500.0,421,0,2800,3071.6567984811195,105.27270601596685,7534.725436009467,410.7790973871734,2026-08-09 18:32:28,111.0,19.0
51,1786300344,35,,Aggregated,11.2,0.0,2900.0,3900.0,4200.0,4300.0,5200.0,5500.0,6100.0,6400.0,7500.0,7500.0,7500.0,432,0,2900,3106.319868765072,105.27270601596685,7534.725436009467,406.1157407407408,2026-08-09 18:32:29,111.0,19.0
52,1786300345,30,,Aggregated,11.0,0.0,2900.0,3900.0,4200.0,4300.0,5200.0,5500.0,6200.0,6400.0,7500.0,7500.0,7500.0,442,0,2900,3120.6392882525083,105.27270601596685,7534.725436009467,406.6266968325792,2026-08-09 18:32:30,111.0,19.0
53,1786300346,25,,Aggregated,10.4,0.0,2900.0,4000.0,4200.0,4300.0,5200.0,5500.0,6300.0,6400.0,7500.0,7500.0,7500.0,450,0,2900,3147.072786965744,105.27270601596685,7534.725436009467,406.78,2026-08-09 18:32:31,111.0,19.0
54,1786300347,20,,Aggregated,10.3,0.0,2900.0,4000.0,4200.0,4300.0,5200.0,5600.0,6200.0,6400.0,7500.0,7500.0,7500.0,453,0,2900,3156.9697138555007,105.27270601596685,7534.725436009467,406.6534216335541,2026-08-09 18:32:32,111.0,19.0
55,1786300348,20,,Aggregated,10.0,0.0,2900.0,4000.0,4200.0,4300.0,5300.0,5600.0,6200.0,6400.0,7500.0,7500.0,7500.0,459,0,2900,3167.79490889008,105.27270601596685,7534.725436009467,408.5010893246188,2026-08-09 18:32:33,111.0,19.0
56,1786300349,20,,Aggregated,10.1,0.0,2900.0,4000.0,4200.0,4300.0,5200.0,5600.0,6200.0,6400.0,7500.0,7500.0,7500.0,462,0,2900,3170.336555892796,105.27270601596685,7534.725436009467,409.4069264069264,2026-08-09 18:32:34,111.0,19.0
57,1786300350,20,,Aggregated,9.3,0.0,2900.0,4000.0,4200.0,4300.0,5200.0,5600.0,6200.0,6400.0,7500.0,7500.0,7500.0,464,0,2900,3175.4431628824336,105.27270601596685,7534.725436009467,411.1853448275862,2026-08-09 18:32:35,111.0,19.0
58,1786300351,20,,Aggregated,8.8,0.0,3000.0,4000.0,4200.0,4400.0,5300.0,5600.0,6300.0,6500.0,7500.0,7500.0,7500.0,475,0,3000,3207.87429683903,105.27270601596685,7534.725436009467,417.5894736842105,2026-08-09 18:32:36,111.0,19.0
59,1786300352,20,,Aggregated,7.9,0.0,3000.0,4000.0,4200.0,4400.0,5200.0,5600.0,6300.0,6500.0,7500.0,7500.0,7500.0,481,0,3000,3205.6154941548466,105.27270601596685,7534.725436009467,419.5738045738046,2026-08-09 18:32:37,111.0,19.0
