Sample,Timestamp,User Count,Type,Name,Requests/s,Failures/s,50%,66%,75%,80%,90%,95%,98%,99%,99.9%,99.99%,100%,Total Request Count,Total Failure Count,Total Median Response Time,Total Average Response Time,Total Min Response Time,Total Max Response Time,Total Average Content Size,Captured Timestamp,Dana CPU,Dana Memory,Remote CPU,Remote Memory,Elapsed Time (s)
0,1787064190,0,,Aggregated,0.0,0.0,,,,,,,,,,,,0,0,0,0.0,0.0,0.0,0.0,2026-08-18 14:43:14,0.0,18.0,2.0,18.0,0.0
1,1787064191,2,,Aggregated,0.0,0.0,320.0,320.0,320.0,320.0,320.0,320.0,320.0,320.0,320.0,320.0,320.0,2,0,210,263.3309559996633,206.9337259999884,319.72818599933817,827.5,2026-08-18 14:43:15,0.0,18.0,2.0,18.0,1.0
2,1787064192,4,,Aggregated,0.0,0.0,320.0,320.0,340.0,340.0,490.0,490.0,490.0,490.0,490.0,490.0,490.0,6,0,230,271.5031713335823,46.6447570015589,491.50896799983457,691.1666666666666,2026-08-18 14:43:16,0.0,18.0,2.0,18.0,2.0
3,1787064193,6,,Aggregated,1.0,0.0,340.0,490.0,720.0,720.0,880.0,880.0,880.0,880.0,880.0,880.0,880.0,12,0,320,418.4780222499285,46.6447570015589,884.229161998519,692.0,2026-08-18 14:43:17,0.0,18.0,2.0,18.0,3.0
4,1787064194,8,,Aggregated,2.0,0.0,390.0,500.0,610.0,720.0,880.0,880.0,880.0,880.0,880.0,880.0,880.0,18,0,340,423.7525347779309,46.6447570015589,884.229161998519,691.7222222222222,2026-08-18 14:43:19,0.0,18.0,2.0,18.0,5.0
5,1787064195,10,,Aggregated,2.333333,0.0,490.0,580.0,720.0,760.0,880.0,1100.0,1100.0,1100.0,1100.0,1100.0,1100.0,26,0,390,475.8738171924331,46.6447570015589,1096.5567040002495,702.4230769230769,2026-08-18 14:43:20,0.0,18.0,2.0,18.0,6.0
6,1787064196,10,,Aggregated,3.25,0.0,510.0,720.0,880.0,920.0,1100.0,1300.0,1700.0,1700.0,1700.0,1700.0,1700.0,34,0,510,585.4990704706591,46.6447570015589,1674.285705999864,732.0,2026-08-18 14:43:21,0.0,18.0,2.0,18.0,7.0
7,1787064197,10,,Aggregated,4.4,0.0,570.0,800.0,920.0,1100.0,1100.0,1300.0,1700.0,1700.0,1700.0,1700.0,1700.0,42,0,540,626.4419181191746,13.49264600139577,1674.285705999864,711.3333333333334,2026-08-18 14:43:22,0.0,18.0,2.0,18.0,8.0
8,1787064198,10,,Aggregated,4.666667,0.0,610.0,920.0,1100.0,1100.0,1300.0,1500.0,1700.0,2900.0,2900.0,2900.0,2900.0,52,0,580,708.6554146732082,13.349990000278922,2895.710765000331,702.3653846153846,2026-08-18 14:43:23,0.0,18.0,2.0,18.0,9.0
9,1787064199,10,,Aggregated,5.428571,0.0,720.0,980.0,1100.0,1100.0,1400.0,1600.0,1700.0,2900.0,2900.0,2900.0,2900.0,58,0,700,745.9479769483456,13.349990000278922,2895.710765000331,715.4827586206897,2026-08-18 14:43:24,83.0,20.0,12.0,20.0,10.0
10,1787064200,10,,Aggregated,5.625,0.0,720.0,980.0,1100.0,1100.0,1400.0,1600.0,1700.0,2900.0,2900.0,2900.0,2900.0,67,0,720,738.4066466269659,13.349990000278922,2895.710765000331,706.1940298507462,2026-08-18 14:43:25,83.0,20.0,12.0,20.0,11.0
11,1787064201,12,,Aggregated,6.0,0.0,720.0,980.0,1100.0,1100.0,1600.0,1800.0,2100.0,2900.0,2900.0,2900.0,2900.0,80,0,700,756.9406758125524,13.349990000278922,2895.710765000331,678.875,2026-08-18 14:43:26,83.0,20.0,12.0,20.0,12.0
12,1787064202,14,,Aggregated,6.1,0.0,700.0,930.0,1100.0,1100.0,1500.0,1700.0,2100.0,2900.0,2900.0,2900.0,2900.0,89,0,700,743.6097957079357,13.349990000278922,2895.710765000331,679.2134831460675,2026-08-18 14:43:27,83.0,20.0,12.0,20.0,13.0
13,1787064203,16,,Aggregated,7.2,0.0,700.0,980.0,1100.0,1100.0,1500.0,1800.0,2100.0,2900.0,2900.0,2900.0,2900.0,97,0,700,745.1622657732777,13.349990000278922,2895.710765000331,671.2061855670103,2026-08-18 14:43:29,83.0,20.0,12.0,20.0,15.0
14,1787064204,18,,Aggregated,8.0,0.0,720.0,1000.0,1100.0,1200.0,1600.0,1800.0,2100.0,2400.0,2900.0,2900.0,2900.0,106,0,720,774.5085663113883,13.349990000278922,2895.710765000331,672.0566037735849,2026-08-18 14:43:30,83.0,20.0,12.0,20.0,16.0
15,1787064205,20,,Aggregated,8.7,0.0,760.0,1100.0,1100.0,1300.0,1700.0,2100.0,2800.0,2900.0,3000.0,3000.0,3000.0,114,0,740,835.636605289533,13.349990000278922,2995.4814310003712,671.5175438596491,2026-08-18 14:43:31,83.0,20.0,12.0,20.0,17.0
16,1787064206,20,,Aggregated,8.8,0.0,760.0,1100.0,1200.0,1400.0,1800.0,2400.0,2900.0,3000.0,3200.0,3200.0,3200.0,125,0,760,862.6261739440233,13.349990000278922,3230.518705999202,668.56,2026-08-18 14:43:32,83.0,20.0,12.0,20.0,18.0
17,1787064207,20,,Aggregated,8.6,0.0,740.0,1100.0,1300.0,1500.0,2000.0,2700.0,3200.0,3600.0,5000.0,5000.0,5000.0,142,0,730,901.2020581338118,13.349990000278922,5022.231752998778,669.5,2026-08-18 14:43:33,83.0,20.0,12.0,20.0,19.0
18,1787064208,20,,Aggregated,8.8,0.0,670.0,1100.0,1300.0,1600.0,2400.0,3000.0,3600.0,3600.0,5000.0,5000.0,5000.0,171,0,670,907.52843554386,13.349990000278922,5022.231752998778,670.7602339181286,2026-08-18 14:43:34,83.0,20.0,12.0,20.0,20.0
19,1787064209,20,,Aggregated,9.0,0.0,540.0,970.0,1200.0,1400.0,2100.0,2900.0,3600.0,3600.0,5000.0,5000.0,5000.0,191,0,540,823.8101214502846,13.349990000278922,5022.231752998778,666.9267015706806,2026-08-18 14:43:35,83.0,20.0,12.0,20.0,21.0
20,1787064210,20,,Aggregated,10.2,0.0,350.0,850.0,1100.0,1300.0,2000.0,2900.0,3500.0,3600.0,5000.0,5000.0,5000.0,211,0,350,752.739383962098,13.349990000278922,5022.231752998778,657.1469194312796,2026-08-18 14:43:36,83.0,20.0,12.0,20.0,22.0
21,1787064211,22,,Aggregated,12.1,0.0,220.0,740.0,1100.0,1200.0,1900.0,2800.0,3500.0,3600.0,5000.0,5000.0,5000.0,233,0,220,688.4149319013079,13.349990000278922,5022.231752998778,640.6051502145923,2026-08-18 14:43:38,83.0,20.0,12.0,20.0,24.0
22,1787064212,24,,Aggregated,13.2,0.0,150.0,620.0,970.0,1100.0,1800.0,2700.0,3500.0,3600.0,5000.0,5000.0,5000.0,257,0,150,633.8514098288105,13.349990000278922,5022.231752998778,631.7704280155642,2026-08-18 14:43:39,473.0,20.0,48.0,22.0,25.0
23,1787064213,26,,Aggregated,14.2,0.0,140.0,510.0,850.0,1100.0,1700.0,2500.0,3500.0,3600.0,5000.0,5000.0,5000.0,283,0,140,588.0869793250993,13.349990000278922,5022.231752998778,628.5795053003534,2026-08-18 14:43:40,473.0,20.0,48.0,22.0,26.0
24,1787064214,28,,Aggregated,15.5,0.0,160.0,450.0,760.0,1000.0,1600.0,2500.0,3500.0,3600.0,5000.0,5000.0,5000.0,311,0,160,558.7394991511521,13.349990000278922,5022.231752998778,620.4051446945338,2026-08-18 14:43:41,473.0,20.0,48.0,22.0,27.0
25,1787064215,30,,Aggregated,16.8,0.0,190.0,480.0,740.0,950.0,1600.0,2500.0,3500.0,3600.0,5000.0,5000.0,5000.0,329,0,190,554.789169863245,13.349990000278922,5022.231752998778,612.8054711246201,2026-08-18 14:43:42,473.0,20.0,48.0,22.0,28.0
26,1787064216,30,,Aggregated,18.6,0.0,220.0,510.0,790.0,900.0,1500.0,2400.0,3200.0,3600.0,5000.0,5000.0,5000.0,351,0,220,558.9189933789304,13.349990000278922,5022.231752998778,604.3133903133903,2026-08-18 14:43:43,473.0,20.0,48.0,22.0,29.0
27,1787064217,30,,Aggregated,20.4,0.0,230.0,550.0,850.0,1000.0,1600.0,2200.0,3200.0,3600.0,5000.0,5000.0,5000.0,365,0,230,584.7656442219235,13.349990000278922,5022.231752998778,608.1287671232876,2026-08-18 14:43:44,473.0,20.0,48.0,22.0,30.0
28,1787064218,30,,Aggregated,21.9,0.0,290.0,650.0,950.0,1100.0,1600.0,2100.0,3200.0,3600.0,5000.0,5000.0,5000.0,392,0,290,628.4084123775453,13.349990000278922,5022.231752998778,609.9744897959183,2026-08-18 14:43:45,473.0,20.0,48.0,22.0,31.0
29,1787064219,30,,Aggregated,22.3,0.0,340.0,710.0,1100.0,1300.0,1600.0,2000.0,3000.0,3500.0,5000.0,5000.0,5000.0,424,0,340,649.9255096155606,13.349990000278922,5022.231752998778,601.9150943396227,2026-08-18 14:43:46,473.0,20.0,48.0,22.0,32.0
30,1787064220,30,,Aggregated,22.1,0.0,370.0,730.0,1100.0,1300.0,1600.0,1900.0,2900.0,3500.0,5000.0,5000.0,5000.0,453,0,370,662.6002780176628,13.349990000278922,5022.231752998778,597.0286975717439,2026-08-18 14:43:48,473.0,20.0,48.0,22.0,34.0
31,1787064221,33,,Aggregated,22.4,0.0,340.0,710.0,1000.0,1200.0,1500.0,1800.0,2900.0,3500.0,5000.0,5000.0,5000.0,503,0,340,638.13590739364,13.349990000278922,5022.231752998778,574.5626242544731,2026-08-18 14:43:49,473.0,20.0,48.0,22.0,35.0
32,1787064222,36,,Aggregated,23.4,0.0,320.0,620.0,980.0,1100.0,1500.0,1800.0,2900.0,3500.0,5000.0,5000.0,5000.0,538,0,320,601.5853391394232,13.349990000278922,5022.231752998778,552.1412639405205,2026-08-18 14:43:50,473.0,20.0,48.0,22.0,36.0
33,1787064223,39,,Aggregated,24.6,0.0,280.0,540.0,880.0,1100.0,1500.0,1800.0,2800.0,3500.0,5000.0,5000.0,5000.0,578,0,280,565.5856561263266,13.349990000278922,5022.231752998778,532.2647058823529,2026-08-18 14:43:51,473.0,20.0,48.0,22.0,37.0
34,1787064224,42,,Aggregated,27.3,0.0,270.0,490.0,830.0,1100.0,1500.0,1700.0,2700.0,3500.0,5000.0,5000.0,5000.0,620,0,260,539.7870643613334,13.349990000278922,5022.231752998778,514.4725806451613,2026-08-18 14:43:52,473.0,20.0,48.0,22.0,38.0
35,1787064225,45,,Aggregated,28.7,0.0,280.0,470.0,730.0,1000.0,1500.0,1700.0,2600.0,3500.0,5000.0,5000.0,5000.0,664,0,280,524.634251298231,13.349990000278922,5022.231752998778,500.56174698795184,2026-08-18 14:43:53,473.0,20.0,172.0,24.0,39.0
36,1787064226,45,,Aggregated,29.7,0.0,260.0,430.0,700.0,900.0,1400.0,1700.0,2500.0,3200.0,5000.0,5000.0,5000.0,709,0,260,504.7777863963759,13.349990000278922,5022.231752998778,484.0211565585332,2026-08-18 14:43:54,1593.0,29.0,172.0,24.0,40.0
37,1787064227,45,,Aggregated,31.1,0.0,270.0,430.0,630.0,850.0,1300.0,1700.0,2500.0,3200.0,5000.0,5000.0,5000.0,754,0,270,495.5466930676735,13.349990000278922,5022.231752998778,470.7612732095491,2026-08-18 14:43:55,1593.0,29.0,172.0,24.0,41.0
38,1787064228,45,,Aggregated,33.5,0.0,280.0,420.0,600.0,790.0,1300.0,1600.0,2500.0,3200.0,5000.0,5000.0,5000.0,799,0,280,485.53043100753945,13.349990000278922,5022.231752998778,459.7096370463079,2026-08-18 14:43:57,1593.0,29.0,172.0,24.0,43.0
39,1787064229,45,,Aggregated,36.1,0.0,280.0,400.0,550.0,730.0,1300.0,1600.0,2500.0,3000.0,5000.0,5000.0,5000.0,846,0,280,472.6553880626861,13.349990000278922,5022.231752998778,449.7801418439717,2026-08-18 14:43:58,1593.0,29.0,172.0,24.0,44.0
40,1787064230,45,,Aggregated,38.9,0.0,260.0,380.0,530.0,720.0,1300.0,1600.0,2400.0,3000.0,5000.0,5000.0,5000.0,889,0,260,458.6020451158955,13.349990000278922,5022.231752998778,439.1889763779528,2026-08-18 14:43:59,1593.0,29.0,172.0,24.0,45.0
41,1787064231,45,,Aggregated,40.6,0.0,260.0,370.0,510.0,690.0,1300.0,1600.0,2200.0,2900.0,5000.0,5000.0,5000.0,935,0,260,447.7918843219576,13.349990000278922,5022.231752998778,429.36470588235295,2026-08-18 14:44:00,1593.0,29.0,172.0,24.0,46.0
42,1787064232,45,,Aggregated,42.5,0.0,270.0,370.0,500.0,660.0,1200.0,1600.0,2100.0,2900.0,5000.0,5000.0,5000.0,978,0,270,443.1637833384899,13.349990000278922,5022.231752998778,423.4723926380368,2026-08-18 14:44:01,1593.0,29.0,172.0,24.0,47.0
43,1787064233,45,,Aggregated,43.3,0.0,270.0,370.0,490.0,620.0,1200.0,1500.0,2000.0,2900.0,3600.0,5000.0,5000.0,1025,0,270,434.2812419093146,13.349990000278922,5022.231752998778,414.2643902439024,2026-08-18 14:44:02,1593.0,29.0,172.0,24.0,48.0
44,1787064234,45,,Aggregated,42.5,0.0,270.0,360.0,480.0,600.0,1100.0,1500.0,2000.0,2900.0,3600.0,5000.0,5000.0,1069,0,270,426.7138454930262,13.349990000278922,5022.231752998778,407.1599625818522,2026-08-18 14:44:03,1593.0,29.0,172.0,24.0,49.0
45,1787064235,45,,Aggregated,43.4,0.0,270.0,370.0,480.0,580.0,1100.0,1500.0,1900.0,2800.0,3600.0,5000.0,5000.0,1114,0,270,422.06567971099406,13.349990000278922,5022.231752998778,399.9398563734291,2026-08-18 14:44:04,1593.0,29.0,172.0,24.0,50.0
46,1787064236,45,,Aggregated,44.4,0.0,270.0,360.0,480.0,560.0,1100.0,1500.0,1900.0,2800.0,3600.0,5000.0,5000.0,1160,0,270,416.8933837707274,13.349990000278922,5022.231752998778,394.6034482758621,2026-08-18 14:44:05,1593.0,29.0,172.0,24.0,51.0
47,1787064237,45,,Aggregated,44.9,0.0,270.0,360.0,470.0,550.0,1100.0,1500.0,1800.0,2700.0,3600.0,5000.0,5000.0,1203,0,270,412.9951383757736,13.349990000278922,5022.231752998778,390.9177057356608,2026-08-18 14:44:06,1593.0,29.0,172.0,24.0,52.0
48,1787064238,45,,Aggregated,44.7,0.0,280.0,370.0,470.0,550.0,1100.0,1500.0,1800.0,2700.0,3600.0,5000.0,5000.0,1245,0,280,412.8797628940286,13.349990000278922,5022.231752998778,386.1004016064257,2026-08-18 14:44:08,1593.0,29.0,172.0,24.0,54.0
49,1787064239,45,,Aggregated,45.5,0.0,280.0,380.0,480.0,550.0,1000.0,1500.0,1800.0,2700.0,3600.0,5000.0,5000.0,1292,0,280,412.44661065021154,13.349990000278922,5022.231752998778,381.85835913312695,2026-08-18 14:44:09,1650.0,29.0,212.0,24.0,55.0
50,1787064240,45,,Aggregated,44.9,0.0,280.0,380.0,480.0,540.0,980.0,1500.0,1800.0,2600.0,3600.0,5000.0,5000.0,1335,0,280,412.4608172157863,13.349990000278922,5022.231752998778,377.9310861423221,2026-08-18 14:44:10,1650.0,29.0,212.0,24.0,56.0
51,1787064241,45,,Aggregated,44.7,0.0,290.0,380.0,470.0,540.0,950.0,1400.0,1800.0,2600.0,3600.0,5000.0,5000.0,1385,0,290,409.45982928886303,13.349990000278922,5022.231752998778,372.6938628158845,2026-08-18 14:44:11,1650.0,29.0,212.0,24.0,57.0
52,1787064242,45,,Aggregated,44.4,0.0,280.0,380.0,460.0,530.0,930.0,1400.0,1800.0,2500.0,3600.0,5000.0,5000.0,1429,0,280,403.58995571733794,13.349990000278922,5022.231752998778,369.1147655703289,2026-08-18 14:44:12,1650.0,29.0,212.0,24.0,58.0
53,1787064243,45,,Aggregated,44.5,0.0,290.0,380.0,470.0,540.0,910.0,1400.0,1800.0,2500.0,3600.0,5000.0,5000.0,1472,0,290,405.1151561712486,13.349990000278922,5022.231752998778,366.15692934782606,2026-08-18 14:44:13,1650.0,29.0,212.0,24.0,59.0
54,1787064244,45,,Aggregated,45.4,0.0,290.0,390.0,470.0,540.0,900.0,1300.0,1700.0,2500.0,3600.0,5000.0,5000.0,1514,0,290,405.8683959597655,13.349990000278922,5022.231752998778,362.5739762219287,2026-08-18 14:44:14,1650.0,29.0,212.0,24.0,60.0
55,1787064245,45,,Aggregated,45.0,0.0,290.0,390.0,480.0,540.0,880.0,1300.0,1700.0,2500.0,3600.0,5000.0,5000.0,1565,0,290,405.5377773169867,13.349990000278922,5022.231752998778,359.75399361022363,2026-08-18 14:44:15,1650.0,29.0,212.0,24.0,61.0
56,1787064246,45,,Aggregated,44.7,0.0,290.0,390.0,480.0,540.0,880.0,1300.0,1700.0,2500.0,3600.0,5000.0,5000.0,1605,0,290,404.578145006906,13.349990000278922,5022.231752998778,356.9919003115265,2026-08-18 14:44:16,1650.0,29.0,212.0,24.0,62.0
57,1787064247,45,,Aggregated,44.4,0.0,300.0,400.0,480.0,540.0,860.0,1300.0,1700.0,2500.0,3600.0,5000.0,5000.0,1643,0,300,405.2683935155721,13.349990000278922,5022.231752998778,354.35909920876446,2026-08-18 14:44:18,1650.0,29.0,212.0,24.0,64.0
58,1787064248,45,,Aggregated,45.2,0.0,300.0,410.0,490.0,560.0,880.0,1300.0,1700.0,2500.0,3600.0,5000.0,5000.0,1680,0,300,411.3679173637379,13.349990000278922,5022.231752998778,353.6202380952381,2026-08-18 14:44:19,1650.0,29.0,212.0,24.0,65.0
59,1787064249,45,,Aggregated,44.1,0.0,310.0,420.0,500.0,580.0,880.0,1300.0,1700.0,2400.0,3600.0,5000.0,5000.0,1713,0,310,418.0968642201303,13.349990000278922,5022.231752998778,351.4932866316404,2026-08-18 14:44:20,1650.0,29.0,212.0,24.0,66.0
60,1787064250,45,,Aggregated,44.3,0.0,320.0,430.0,520.0,610.0,900.0,1300.0,1700.0,2400.0,3600.0,5000.0,5000.0,1759,0,320,428.7627765441042,13.349990000278922,5022.231752998778,350.49232518476407,2026-08-18 14:44:21,1650.0,29.0,212.0,24.0,67.0
61,1787064251,45,,Aggregated,43.4,0.0,320.0,440.0,540.0,630.0,910.0,1300.0,1700.0,2200.0,3600.0,5000.0,5000.0,1801,0,320,437.23562464468495,13.349990000278922,5022.231752998778,348.50305385896723,2026-08-18 14:44:22,1650.0,29.0,212.0,24.0,68.0
62,1787064252,45,,Aggregated,42.7,0.0,340.0,460.0,570.0,660.0,920.0,1400.0,1700.0,2200.0,3600.0,5000.0,5000.0,1848,0,340,446.2529324156284,13.349990000278922,5022.231752998778,346.125,2026-08-18 14:44:23,1650.0,29.0,212.0,24.0,69.0
63,1787064253,45,,Aggregated,42.7,0.0,340.0,470.0,590.0,680.0,930.0,1300.0,1700.0,2200.0,3600.0,5000.0,5000.0,1882,0,340,452.2624229862281,13.349990000278922,5022.231752998778,344.70138150903296,2026-08-18 14:44:24,1911.0,31.0,202.0,24.0,70.0
64,1787064254,45,,Aggregated,41.5,0.0,350.0,490.0,620.0,700.0,970.0,1400.0,1700.0,2100.0,3600.0,5000.0,5000.0,1931,0,350,463.5146020274845,13.349990000278922,5022.231752998778,343.3283272915588,2026-08-18 14:44:25,1911.0,31.0,202.0,24.0,71.0
65,1787064255,45,,Aggregated,42.2,0.0,350.0,510.0,630.0,700.0,970.0,1400.0,1700.0,2100.0,3600.0,5000.0,5000.0,1977,0,350,469.9155192595237,13.349990000278922,5022.231752998778,340.8735457764289,2026-08-18 14:44:26,1911.0,31.0,202.0,24.0,72.0
66,1787064256,45,,Aggregated,41.3,0.0,360.0,520.0,640.0,710.0,980.0,1400.0,1700.0,2000.0,3600.0,5000.0,5000.0,2017,0,360,475.8082372722245,13.349990000278922,5022.231752998778,339.4873574615766,2026-08-18 14:44:28,1911.0,31.0,202.0,24.0,74.0
67,1787064257,45,,Aggregated,41.9,0.0,370.0,540.0,650.0,710.0,980.0,1400.0,1700.0,2000.0,3600.0,5000.0,5000.0,2065,0,370,481.3971700300632,13.349990000278922,5022.231752998778,337.56174334140434,2026-08-18 14:44:29,1911.0,31.0,202.0,24.0,75.0
68,1787064258,45,,Aggregated,41.4,0.0,380.0,550.0,650.0,710.0,980.0,1400.0,1700.0,2000.0,3600.0,5000.0,5000.0,2111,0,380,485.13369203083,13.349990000278922,5022.231752998778,335.3993368072004,2026-08-18 14:44:30,1911.0,31.0,202.0,24.0,76.0
69,1787064259,45,,Aggregated,41.7,0.0,390.0,560.0,660.0,710.0,980.0,1400.0,1700.0,2000.0,3600.0,5000.0,5000.0,2148,0,390,489.3593157360718,13.349990000278922,5022.231752998778,334.16806331471133,2026-08-18 14:44:31,1911.0,31.0,202.0,24.0,77.0
70,1787064260,45,,Aggregated,42.5,0.0,400.0,570.0,670.0,720.0,1000.0,1400.0,1700.0,2000.0,3600.0,5000.0,5000.0,2194,0,400,495.3116570529065,13.349990000278922,5022.231752998778,332.7857793983592,2026-08-18 14:44:32,1911.0,31.0,202.0,24.0,78.0
71,1787064261,45,,Aggregated,42.8,0.0,410.0,580.0,670.0,720.0,1000.0,1400.0,1600.0,1900.0,3600.0,5000.0,5000.0,2231,0,410,500.6287524285382,13.349990000278922,5022.231752998778,332.10085163603765,2026-08-18 14:44:33,1911.0,31.0,202.0,24.0,79.0
72,1787064262,45,,Aggregated,43.0,0.0,420.0,590.0,680.0,730.0,1000.0,1400.0,1600.0,1900.0,3600.0,5000.0,5000.0,2262,0,420,505.2390681114352,13.349990000278922,5022.231752998778,330.8916887709991,2026-08-18 14:44:34,1911.0,31.0,202.0,24.0,80.0
73,1787064263,45,,Aggregated,43.3,0.0,430.0,600.0,700.0,750.0,1000.0,1400.0,1600.0,1900.0,3600.0,5000.0,5000.0,2308,0,430,515.3275606690081,13.349990000278922,5022.231752998778,330.2283362218371,2026-08-18 14:44:35,1911.0,31.0,202.0,24.0,81.0
74,1787064264,45,,Aggregated,43.4,0.0,430.0,620.0,710.0,770.0,1100.0,1400.0,1600.0,1900.0,3600.0,5000.0,5000.0,2355,0,430,523.6281052208411,13.349990000278922,5022.231752998778,328.73205944798303,2026-08-18 14:44:36,1911.0,31.0,202.0,24.0,82.0
75,1787064265,45,,Aggregated,41.7,0.0,440.0,630.0,720.0,780.0,1100.0,1400.0,1700.0,1900.0,3600.0,5000.0,5000.0,2390,0,440,530.8356462025401,13.349990000278922,5022.231752998778,327.5866108786611,2026-08-18 14:44:37,1911.0,31.0,202.0,24.0,83.0
76,1787064266,45,,Aggregated,42.7,0.0,450.0,640.0,730.0,800.0,1100.0,1400.0,1700.0,1900.0,3600.0,5000.0,5000.0,2426,0,450,539.5102314534478,13.349990000278922,5022.231752998778,326.8891178895301,2026-08-18 14:44:39,1951.0,30.0,184.0,25.0,85.0
77,1787064267,45,,Aggregated,42.1,0.0,470.0,650.0,750.0,830.0,1100.0,1400.0,1700.0,1900.0,3600.0,5000.0,5000.0,2470,0,470,549.5757747316037,13.349990000278922,5022.231752998778,326.5080971659919,2026-08-18 14:44:40,1951.0,30.0,184.0,25.0,86.0
78,1787064268,45,,Aggregated,41.0,0.0,470.0,660.0,760.0,850.0,1100.0,1400.0,1700.0,1900.0,3600.0,5000.0,5000.0,2499,0,470,556.1597098991869,13.349990000278922,5022.231752998778,325.59743897559025,2026-08-18 14:44:41,1951.0,30.0,184.0,25.0,87.0
79,1787064269,45,,Aggregated,40.6,0.0,490.0,670.0,780.0,880.0,1100.0,1400.0,1700.0,2000.0,3600.0,5000.0,5000.0,2545,0,490,568.9483945257635,13.349990000278922,5022.231752998778,325.45108055009825,2026-08-18 14:44:42,1951.0,30.0,184.0,25.0,88.0
80,1787064270,45,,Aggregated,40.0,0.0,490.0,680.0,800.0,890.0,1200.0,1400.0,1700.0,2000.0,3600.0,5000.0,5000.0,2579,0,490,575.4987680822261,13.349990000278922,5022.231752998778,324.9468786351299,2026-08-18 14:44:43,1951.0,30.0,184.0,25.0,89.0
81,1787064271,45,,Aggregated,38.8,0.0,500.0,690.0,810.0,910.0,1200.0,1400.0,1700.0,2000.0,3600.0,5000.0,5000.0,2613,0,500,583.3753229273115,13.349990000278922,5022.231752998778,324.51435132032145,2026-08-18 14:44:44,1951.0,30.0,184.0,25.0,90.0
82,1787064272,45,,Aggregated,39.4,0.0,510.0,710.0,840.0,930.0,1200.0,1500.0,1700.0,2000.0,3600.0,5000.0,5000.0,2658,0,510,594.1798131155264,13.349990000278922,5022.231752998778,323.8634311512415,2026-08-18 14:44:45,1951.0,30.0,184.0,25.0,91.0
83,1787064273,45,,Aggregated,38.6,0.0,520.0,710.0,850.0,940.0,1200.0,1500.0,1700.0,2000.0,3600.0,5000.0,5000.0,2692,0,520,600.7070123451209,13.349990000278922,5022.231752998778,323.1448736998514,2026-08-18 14:44:46,1951.0,30.0,184.0,25.0,92.0
84,1787064274,45,,Aggregated,37.5,0.0,530.0,720.0,880.0,970.0,1200.0,1500.0,1700.0,2000.0,3600.0,5000.0,5000.0,2735,0,530,608.8130236314689,13.349990000278922,5022.231752998778,322.26069469835465,2026-08-18 14:44:47,1951.0,30.0,184.0,25.0,93.0
85,1787064275,45,,Aggregated,38.8,0.0,540.0,740.0,890.0,990.0,1200.0,1500.0,1700.0,2000.0,3600.0,5000.0,5000.0,2770,0,540,616.5120913209643,13.349990000278922,5022.231752998778,322.10505415162453,2026-08-18 14:44:49,1951.0,30.0,184.0,25.0,95.0
86,1787064276,45,,Aggregated,38.0,0.0,550.0,750.0,910.0,1000.0,1200.0,1500.0,1700.0,1900.0,3600.0,5000.0,5000.0,2808,0,550,624.4572470053702,13.349990000278922,5022.231752998778,321.6470797720798,2026-08-18 14:44:50,1951.0,30.0,184.0,25.0,96.0
87,1787064277,45,,Aggregated,37.9,0.0,550.0,760.0,920.0,1000.0,1200.0,1500.0,1700.0,1900.0,3600.0,5000.0,5000.0,2843,0,550,631.8003299866612,13.349990000278922,5022.231752998778,321.0889905029898,2026-08-18 14:44:51,1951.0,30.0,184.0,25.0,97.0
88,1787064278,45,,Aggregated,38.1,0.0,560.0,770.0,940.0,1000.0,1200.0,1500.0,1800.0,1900.0,3600.0,5000.0,5000.0,2877,0,560,638.8667896527904,13.349990000278922,5022.231752998778,320.3854709767119,2026-08-18 14:44:52,1951.0,30.0,184.0,25.0,98.0
89,1787064279,45,,Aggregated,38.0,0.0,570.0,780.0,960.0,1000.0,1300.0,1500.0,1800.0,2000.0,3600.0,5000.0,5000.0,2905,0,570,645.612740461645,13.349990000278922,5022.231752998778,320.495008605852,2026-08-18 14:44:53,1951.0,30.0,184.0,25.0,99.0
90,1787064280,45,,Aggregated,37.1,0.0,580.0,800.0,970.0,1100.0,1300.0,1600.0,1800.0,2000.0,3600.0,5000.0,5000.0,2943,0,580,655.3762422161332,13.349990000278922,5022.231752998778,320.627590893646,2026-08-18 14:44:54,1960.0,31.0,170.0,24.0,100.0
91,1787064281,45,,Aggregated,37.7,0.0,590.0,820.0,990.0,1100.0,1300.0,1600.0,1800.0,2000.0,3600.0,5000.0,5000.0,2979,0,590,663.3398560869664,13.349990000278922,5022.231752998778,320.3336690164485,2026-08-18 14:44:55,1960.0,31.0,170.0,24.0,101.0
92,1787064282,45,,Aggregated,36.2,0.0,600.0,840.0,1000.0,1100.0,1300.0,1600.0,1800.0,2000.0,3600.0,5000.0,5000.0,3026,0,600,670.8891879121186,13.349990000278922,5022.231752998778,319.6077329808328,2026-08-18 14:44:56,1960.0,31.0,170.0,24.0,102.0
93,1787064283,45,,Aggregated,35.9,0.0,610.0,850.0,1000.0,1100.0,1300.0,1600.0,1800.0,2000.0,3600.0,5000.0,5000.0,3063,0,610,674.5113867887958,13.349990000278922,5022.231752998778,318.4185439111982,2026-08-18 14:44:57,1960.0,31.0,170.0,24.0,103.0
94,1787064284,45,,Aggregated,36.6,0.0,620.0,860.0,1000.0,1100.0,1300.0,1600.0,1800.0,2000.0,3600.0,5000.0,5000.0,3088,0,620,679.8559798031366,13.349990000278922,5022.231752998778,318.5161917098446,2026-08-18 14:44:59,1960.0,31.0,170.0,24.0,105.0
95,1787064285,45,,Aggregated,37.0,0.0,620.0,880.0,1000.0,1100.0,1300.0,1600.0,1900.0,2000.0,3600.0,5000.0,5000.0,3132,0,620,688.8620484764023,13.349990000278922,5022.231752998778,318.20402298850576,2026-08-18 14:45:00,1960.0,31.0,170.0,24.0,106.0
96,1787064286,45,,Aggregated,36.8,0.0,630.0,890.0,1000.0,1100.0,1300.0,1600.0,1800.0,2000.0,3600.0,5000.0,5000.0,3165,0,630,693.3062625178801,13.349990000278922,5022.231752998778,317.82116903633494,2026-08-18 14:45:01,1960.0,31.0,170.0,24.0,107.0
97,1787064287,45,,Aggregated,35.4,0.0,640.0,900.0,1000.0,1100.0,1300.0,1600.0,1900.0,2000.0,3600.0,5000.0,5000.0,3199,0,640,699.476261350763,13.349990000278922,5022.231752998778,317.3932478899656,2026-08-18 14:45:02,1960.0,31.0,170.0,24.0,108.0
98,1787064288,45,,Aggregated,35.9,0.0,650.0,910.0,1000.0,1100.0,1300.0,1600.0,1900.0,2000.0,3600.0,5000.0,5000.0,3244,0,650,706.32408188289,13.349990000278922,5022.231752998778,316.80672009864367,2026-08-18 14:45:03,1960.0,31.0,170.0,24.0,109.0
99,1787064289,45,,Aggregated,35.6,0.0,660.0,920.0,1100.0,1100.0,1300.0,1600.0,1900.0,2000.0,3600.0,5000.0,5000.0,3277,0,660,711.0570106265169,13.349990000278922,5022.231752998778,316.287763198047,2026-08-18 14:45:04,1960.0,31.0,170.0,24.0,110.0
100,1787064290,45,,Aggregated,35.7,0.0,670.0,930.0,1100.0,1100.0,1300.0,1600.0,1900.0,2000.0,3600.0,5000.0,5000.0,3315,0,670,716.2989206872105,13.349990000278922,5022.231752998778,315.35625942684766,2026-08-18 14:45:05,1960.0,31.0,170.0,24.0,111.0
101,1787064291,45,,Aggregated,36.7,0.0,670.0,940.0,1100.0,1100.0,1300.0,1600.0,1900.0,2000.0,3600.0,5000.0,5000.0,3345,0,670,721.533592188372,13.349990000278922,5022.231752998778,315.02959641255603,2026-08-18 14:45:06,1960.0,31.0,170.0,24.0,112.0
102,1787064292,45,,Aggregated,37.0,0.0,680.0,950.0,1100.0,1100.0,1400.0,1600.0,1900.0,2000.0,3600.0,5000.0,5000.0,3383,0,680,728.9373046122087,13.349990000278922,5022.231752998778,315.0443393437777,2026-08-18 14:45:07,1960.0,31.0,170.0,24.0,113.0
103,1787064293,45,,Aggregated,37.2,0.0,690.0,960.0,1100.0,1100.0,1400.0,1600.0,1900.0,2000.0,3600.0,5000.0,5000.0,3418,0,690,734.99037027797,13.349990000278922,5022.231752998778,315.3935049736688,2026-08-18 14:45:09,1954.0,31.0,165.0,24.0,115.0
104,1787064294,45,,Aggregated,36.6,0.0,690.0,970.0,1100.0,1200.0,1400.0,1600.0,1900.0,2000.0,3600.0,5000.0,5000.0,3446,0,690,739.2918363189514,13.349990000278922,5022.231752998778,314.57283807312825,2026-08-18 14:45:10,1954.0,31.0,165.0,24.0,116.0
105,1787064295,45,,Aggregated,35.4,0.0,700.0,980.0,1100.0,1200.0,1400.0,1600.0,1900.0,2000.0,3600.0,5000.0,5000.0,3492,0,700,746.2448879149782,13.349990000278922,5022.231752998778,314.614833906071,2026-08-18 14:45:11,1954.0,31.0,165.0,24.0,117.0
106,1787064296,45,,Aggregated,35.5,0.0,710.0,990.0,1100.0,1200.0,1400.0,1600.0,1900.0,2000.0,3600.0,5000.0,5000.0,3529,0,710,750.0482302791469,13.349990000278922,5022.231752998778,313.5449135732502,2026-08-18 14:45:12,1954.0,31.0,165.0,24.0,118.0
107,1787064297,45,,Aggregated,36.1,0.0,720.0,1000.0,1100.0,1200.0,1400.0,1600.0,1900.0,2000.0,3600.0,5000.0,5000.0,3566,0,720,754.310890180345,13.349990000278922,5022.231752998778,312.7535053280987,2026-08-18 14:45:13,1954.0,31.0,165.0,24.0,119.0
108,1787064298,45,,Aggregated,36.1,0.0,720.0,1000.0,1100.0,1200.0,1400.0,1600.0,1900.0,2000.0,3600.0,5000.0,5000.0,3605,0,720,758.8106013240268,13.349990000278922,5022.231752998778,312.03245492371707,2026-08-18 14:45:14,1954.0,31.0,165.0,24.0,120.0
109,1787064299,45,,Aggregated,36.5,0.0,730.0,1000.0,1100.0,1200.0,1400.0,1600.0,1900.0,2000.0,3600.0,5000.0,5000.0,3640,0,730,763.5057560409678,13.349990000278922,5022.231752998778,311.8156593406593,2026-08-18 14:45:15,1954.0,31.0,165.0,24.0,121.0
110,1787064300,45,,Aggregated,36.7,0.0,740.0,1000.0,1100.0,1200.0,1400.0,1700.0,1900.0,2000.0,3600.0,5000.0,5000.0,3680,0,740,768.6982754810105,13.349990000278922,5022.231752998778,311.0766304347826,2026-08-18 14:45:16,1954.0,31.0,165.0,24.0,122.0
111,1787064301,45,,Aggregated,36.2,0.0,750.0,1000.0,1100.0,1200.0,1400.0,1600.0,1900.0,2000.0,3600.0,5000.0,5000.0,3720,0,750,772.0876686005693,13.349990000278922,5022.231752998778,310.0712365591398,2026-08-18 14:45:17,1954.0,31.0,165.0,24.0,123.0
112,1787064302,45,,Aggregated,36.2,0.0,760.0,1000.0,1100.0,1200.0,1400.0,1600.0,1900.0,2000.0,3600.0,5000.0,5000.0,3750,0,760,776.0040209232309,13.349990000278922,5022.231752998778,309.688,2026-08-18 14:45:18,1954.0,31.0,165.0,24.0,124.0
113,1787064303,45,,Aggregated,36.7,0.0,770.0,1000.0,1100.0,1200.0,1400.0,1700.0,1900.0,2000.0,3600.0,5000.0,5000.0,3790,0,770,781.5482116169164,13.349990000278922,5022.231752998778,309.44221635883906,2026-08-18 14:45:20,1954.0,31.0,165.0,24.0,126.0
114,1787064304,45,,Aggregated,37.4,0.0,780.0,1000.0,1100.0,1200.0,1400.0,1700.0,1900.0,2000.0,3600.0,5000.0,5000.0,3825,0,780,784.7289025093137,13.349990000278922,5022.231752998778,308.4491503267974,2026-08-18 14:45:21,1954.0,31.0,165.0,24.0,127.0
115,1787064305,45,,Aggregated,36.9,0.0,790.0,1000.0,1100.0,1200.0,1400.0,1700.0,1900.0,2000.0,3600.0,5000.0,5000.0,3866,0,790,789.2976778815616,13.349990000278922,5022.231752998778,307.980341438179,2026-08-18 14:45:22,1954.0,31.0,165.0,24.0,128.0
116,1787064306,45,,Aggregated,37.4,0.0,810.0,1100.0,1100.0,1200.0,1400.0,1700.0,1900.0,2000.0,3600.0,5000.0,5000.0,3900,0,810,792.8427670543895,13.349990000278922,5022.231752998778,307.4874358974359,2026-08-18 14:45:23,1954.0,31.0,165.0,24.0,129.0
117,1787064307,45,,Aggregated,37.7,0.0,810.0,1100.0,1100.0,1200.0,1400.0,1700.0,1900.0,2000.0,3600.0,5000.0,5000.0,3928,0,810,797.2346631728916,13.349990000278922,5022.231752998778,307.5649185336049,2026-08-18 14:45:24,1964.0,31.0,151.0,24.0,130.0
118,1787064308,45,,Aggregated,37.2,0.0,830.0,1100.0,1200.0,1200.0,1400.0,1700.0,1900.0,2000.0,3600.0,5000.0,5000.0,3971,0,830,803.4043834351838,13.349990000278922,5022.231752998778,307.1304457315538,2026-08-18 14:45:25,1964.0,31.0,151.0,24.0,131.0
119,1787064309,45,,Aggregated,36.9,0.0,840.0,1100.0,1200.0,1200.0,1400.0,1700.0,1900.0,2000.0,3600.0,5000.0,5000.0,3999,0,840,805.7801030420393,13.349990000278922,5022.231752998778,306.4356089022256,2026-08-18 14:45:26,1964.0,31.0,151.0,24.0,132.0
120,1787064310,45,,Aggregated,36.0,0.0,850.0,1100.0,1200.0,1200.0,1400.0,1700.0,1900.0,2000.0,3500.0,5000.0,5000.0,4030,0,840,810.3636608164079,13.349990000278922,5022.231752998778,306.3806451612903,2026-08-18 14:45:27,1964.0,31.0,151.0,24.0,133.0
121,1787064311,45,,Aggregated,36.3,0.0,850.0,1100.0,1200.0,1200.0,1400.0,1700.0,1900.0,2000.0,3500.0,5000.0,5000.0,4060,0,850,815.7714792224428,13.349990000278922,5022.231752998778,306.58103448275864,2026-08-18 14:45:28,1964.0,31.0,151.0,24.0,134.0
122,1787064312,45,,Aggregated,35.8,0.0,860.0,1100.0,1200.0,1200.0,1400.0,1700.0,1900.0,2100.0,3500.0,5000.0,5000.0,4098,0,860,821.4064819041283,13.349990000278922,5022.231752998778,306.5073206442167,2026-08-18 14:45:30,1964.0,31.0,151.0,24.0,136.0
123,1787064313,45,,Aggregated,34.7,0.0,880.0,1100.0,1200.0,1200.0,1400.0,1700.0,1900.0,2100.0,3500.0,5000.0,5000.0,4135,0,880,825.7581623204647,13.349990000278922,5022.231752998778,306.209915356711,2026-08-18 14:45:31,1964.0,31.0,151.0,24.0,137.0
124,1787064314,45,,Aggregated,34.0,0.0,880.0,1100.0,1200.0,1200.0,1400.0,1700.0,1900.0,2100.0,3500.0,5000.0,5000.0,4161,0,880,828.4664684802008,13.349990000278922,5022.231752998778,305.85412160538334,2026-08-18 14:45:32,1964.0,31.0,151.0,24.0,138.0
125,1787064315,45,,Aggregated,34.5,0.0,890.0,1100.0,1200.0,1200.0,1400.0,1700.0,1900.0,2000.0,3500.0,5000.0,5000.0,4201,0,890,833.4028528498236,13.349990000278922,5022.231752998778,305.5151154487027,2026-08-18 14:45:33,1964.0,31.0,151.0,24.0,139.0
126,1787064316,45,,Aggregated,34.4,0.0,900.0,1100.0,1200.0,1200.0,1400.0,1700.0,1900.0,2000.0,3500.0,5000.0,5000.0,4240,0,900,837.0923290434221,13.349990000278922,5022.231752998778,305.05330188679244,2026-08-18 14:45:34,1964.0,31.0,151.0,24.0,140.0
127,1787064317,45,,Aggregated,33.5,0.0,910.0,1100.0,1200.0,1200.0,1400.0,1700.0,1900.0,2000.0,3500.0,5000.0,5000.0,4266,0,900,840.1966975982442,13.349990000278922,5022.231752998778,305.0480543834974,2026-08-18 14:45:35,1964.0,31.0,151.0,24.0,141.0
128,1787064318,45,,Aggregated,33.6,0.0,910.0,1100.0,1200.0,1200.0,1400.0,1700.0,1900.0,2000.0,3500.0,5000.0,5000.0,4301,0,910,845.1037637893754,13.349990000278922,5022.231752998778,304.72122762148337,2026-08-18 14:45:36,1964.0,31.0,151.0,24.0,142.0
129,1787064319,45,,Aggregated,33.9,0.0,920.0,1100.0,1200.0,1200.0,1400.0,1700.0,1900.0,2000.0,3500.0,5000.0,5000.0,4328,0,920,848.2041639020576,13.349990000278922,5022.231752998778,304.64856746765247,2026-08-18 14:45:37,1964.0,31.0,151.0,24.0,143.0
130,1787064320,45,,Aggregated,33.8,0.0,920.0,1100.0,1200.0,1200.0,1500.0,1700.0,1900.0,2000.0,3500.0,5000.0,5000.0,4360,0,920,853.2967439851153,13.349990000278922,5022.231752998778,304.5832568807339,2026-08-18 14:45:38,1962.0,31.0,146.0,25.0,144.0
131,1787064321,45,,Aggregated,33.0,0.0,930.0,1100.0,1200.0,1200.0,1500.0,1700.0,1900.0,2100.0,3500.0,5000.0,5000.0,4398,0,930,856.968130153729,13.349990000278922,5022.231752998778,303.8572078217372,2026-08-18 14:45:39,1962.0,31.0,146.0,25.0,145.0
132,1787064322,45,,Aggregated,32.9,0.0,940.0,1100.0,1200.0,1200.0,1500.0,1700.0,1900.0,2100.0,3500.0,5000.0,5000.0,4435,0,940,860.6296199495148,13.349990000278922,5022.231752998778,303.6078917700113,2026-08-18 14:45:41,1962.0,31.0,146.0,25.0,147.0
133,1787064324,45,,Aggregated,33.0,0.0,950.0,1100.0,1200.0,1200.0,1500.0,1700.0,1900.0,2100.0,3500.0,5000.0,5000.0,4472,0,940,863.7480441540935,13.349990000278922,5022.231752998778,303.0869856887299,2026-08-18 14:45:42,1962.0,31.0,146.0,25.0,148.0
134,1787064325,45,,Aggregated,33.7,0.0,950.0,1100.0,1200.0,1300.0,1500.0,1700.0,1900.0,2000.0,3500.0,5000.0,5000.0,4503,0,950,866.7811006786822,13.349990000278922,5022.231752998778,302.789029535865,2026-08-18 14:45:43,1962.0,31.0,146.0,25.0,149.0
135,1787064326,45,,Aggregated,33.7,0.0,960.0,1100.0,1200.0,1300.0,1500.0,1700.0,1900.0,2000.0,3500.0,5000.0,5000.0,4532,0,960,870.1137204082315,13.349990000278922,5022.231752998778,302.7023389232127,2026-08-18 14:45:44,1962.0,31.0,146.0,25.0,150.0
136,1787064327,45,,Aggregated,33.6,0.0,970.0,1100.0,1200.0,1300.0,1500.0,1700.0,1900.0,2000.0,3500.0,5000.0,5000.0,4565,0,970,874.4556438475604,13.349990000278922,5022.231752998778,302.54282584885,2026-08-18 14:45:45,1962.0,31.0,146.0,25.0,151.0
137,1787064328,45,,Aggregated,34.1,0.0,970.0,1100.0,1200.0,1300.0,1500.0,1700.0,1900.0,2000.0,3500.0,5000.0,5000.0,4596,0,970,877.7588627776581,13.349990000278922,5022.231752998778,302.0704960835509,2026-08-18 14:45:46,1962.0,31.0,146.0,25.0,152.0
138,1787064329,45,,Aggregated,33.0,0.0,980.0,1100.0,1200.0,1300.0,1500.0,1700.0,1900.0,2000.0,3500.0,5000.0,5000.0,4630,0,980,881.72731896201,13.349990000278922,5022.231752998778,302.1123110151188,2026-08-18 14:45:47,1962.0,31.0,146.0,25.0,153.0
139,1787064330,45,,Aggregated,32.9,0.0,980.0,1200.0,1200.0,1300.0,1500.0,1700.0,1900.0,2000.0,3500.0,5000.0,5000.0,4658,0,980,884.8561701073644,13.349990000278922,5022.231752998778,301.8774151996565,2026-08-18 14:45:48,1962.0,31.0,146.0,25.0,154.0
140,1787064331,45,,Aggregated,32.9,0.0,990.0,1200.0,1200.0,1300.0,1500.0,1700.0,1900.0,2100.0,3500.0,5000.0,5000.0,4686,0,990,889.4244964061262,13.349990000278922,5022.231752998778,302.2385830132309,2026-08-18 14:45:49,1962.0,31.0,146.0,25.0,155.0
141,1787064332,45,,Aggregated,32.9,0.0,990.0,1200.0,1200.0,1300.0,1500.0,1700.0,1900.0,2100.0,3500.0,5000.0,5000.0,4717,0,990,893.2677607825117,13.349990000278922,5022.231752998778,302.06508373966506,2026-08-18 14:45:51,1962.0,31.0,146.0,25.0,157.0
142,1787064333,45,,Aggregated,32.5,0.0,990.0,1200.0,1200.0,1300.0,1500.0,1700.0,2000.0,2100.0,3500.0,5000.0,5000.0,4745,0,990,897.4587674385895,13.349990000278922,5022.231752998778,302.4208640674394,2026-08-18 14:45:52,1962.0,31.0,146.0,25.0,158.0
143,1787064334,45,,Aggregated,31.9,0.0,1000.0,1200.0,1200.0,1300.0,1500.0,1700.0,2000.0,2100.0,3500.0,5000.0,5000.0,4782,0,1000,901.7228596217292,13.349990000278922,5022.231752998778,302.23588456712673,2026-08-18 14:45:53,1962.0,31.0,146.0,25.0,159.0
144,1787064335,45,,Aggregated,31.9,0.0,1000.0,1200.0,1200.0,1300.0,1500.0,1700.0,2000.0,2100.0,3500.0,5000.0,5000.0,4813,0,1000,904.4402574166028,13.349990000278922,5022.231752998778,301.81404529399543,2026-08-18 14:45:54,1961.0,32.0,136.0,25.0,160.0
145,1787064336,45,,Aggregated,30.9,0.0,1000.0,1200.0,1200.0,1300.0,1500.0,1700.0,2000.0,2100.0,3500.0,5000.0,5000.0,4850,0,1000,907.6084328288872,13.349990000278922,5022.231752998778,301.3055670103093,2026-08-18 14:45:55,1961.0,32.0,136.0,25.0,161.0
146,1787064337,45,,Aggregated,30.9,0.0,1000.0,1200.0,1200.0,1300.0,1500.0,1700.0,2000.0,2100.0,3500.0,5000.0,5000.0,4885,0,1000,910.748312638097,13.349990000278922,5022.231752998778,301.0689866939611,2026-08-18 14:45:56,1961.0,32.0,136.0,25.0,162.0
147,1787064338,45,,Aggregated,31.6,0.0,1000.0,1200.0,1200.0,1300.0,1500.0,1700.0,2000.0,2100.0,3500.0,5000.0,5000.0,4915,0,1000,912.64744584519,13.349990000278922,5022.231752998778,300.48036622583925,2026-08-18 14:45:57,1961.0,32.0,136.0,25.0,163.0
148,1787064339,45,,Aggregated,31.6,0.0,1000.0,1200.0,1300.0,1300.0,1500.0,1700.0,2000.0,2100.0,3500.0,5000.0,5000.0,4949,0,1000,915.6012306286336,13.349990000278922,5022.231752998778,300.1133562335825,2026-08-18 14:45:58,1961.0,32.0,136.0,25.0,164.0
149,1787064340,45,,Aggregated,31.7,0.0,1000.0,1200.0,1300.0,1300.0,1500.0,1700.0,2000.0,2100.0,3500.0,5000.0,5000.0,4979,0,1000,918.871868235009,13.349990000278922,5022.231752998778,300.0363526812613,2026-08-18 14:45:59,1961.0,32.0,136.0,25.0,165.0
150,1787064341,45,,Aggregated,31.9,0.0,1000.0,1200.0,1300.0,1300.0,1500.0,1700.0,2000.0,2100.0,3500.0,5000.0,5000.0,5015,0,1000,923.0753547471792,13.349990000278922,5022.231752998778,300.07856430707875,2026-08-18 14:46:01,1961.0,32.0,136.0,25.0,167.0
151,1787064342,45,,Aggregated,32.1,0.0,1000.0,1200.0,1300.0,1300.0,1500.0,1700.0,2000.0,2100.0,3500.0,5000.0,5000.0,5039,0,1000,925.1503067267524,13.349990000278922,5022.231752998778,299.7080769994046,2026-08-18 14:46:02,1961.0,32.0,136.0,25.0,168.0
152,1787064343,45,,Aggregated,32.9,0.0,1000.0,1200.0,1300.0,1300.0,1500.0,1800.0,2000.0,2100.0,3500.0,5000.0,5000.0,5071,0,1000,929.0876696817407,13.349990000278922,5022.231752998778,299.8866101360678,2026-08-18 14:46:03,1961.0,32.0,136.0,25.0,169.0
153,1787064344,45,,Aggregated,32.9,0.0,1000.0,1200.0,1300.0,1300.0,1500.0,1800.0,2000.0,2100.0,3500.0,5000.0,5000.0,5099,0,1000,932.3045020927848,13.349990000278922,5022.231752998778,299.9917630908021,2026-08-18 14:46:04,1961.0,32.0,136.0,25.0,170.0
154,1787064345,45,,Aggregated,32.6,0.0,1000.0,1200.0,1300.0,1300.0,1500.0,1800.0,2000.0,2100.0,3500.0,5000.0,5000.0,5129,0,1000,935.9778905935104,13.349990000278922,5022.231752998778,300.01150321700135,2026-08-18 14:46:05,1961.0,32.0,136.0,25.0,171.0
155,1787064346,45,,Aggregated,31.8,0.0,1100.0,1200.0,1300.0,1300.0,1500.0,1800.0,2000.0,2100.0,3500.0,5000.0,5000.0,5164,0,1100,939.5950362507969,13.349990000278922,5022.231752998778,299.9397753679318,2026-08-18 14:46:06,1961.0,32.0,136.0,25.0,172.0
156,1787064347,45,,Aggregated,31.4,0.0,1100.0,1200.0,1300.0,1300.0,1500.0,1800.0,2000.0,2100.0,3500.0,5000.0,5000.0,5197,0,1100,941.9124810925756,13.349990000278922,5022.231752998778,299.3775254954781,2026-08-18 14:46:07,1961.0,32.0,136.0,25.0,173.0
157,1787064348,45,,Aggregated,31.5,0.0,1100.0,1200.0,1300.0,1300.0,1500.0,1800.0,2000.0,2100.0,3500.0,5000.0,5000.0,5226,0,1100,944.2633223077144,13.349990000278922,5022.231752998778,299.1953693073096,2026-08-18 14:46:08,1964.0,31.0,135.0,24.0,174.0
158,1787064349,45,,Aggregated,31.0,0.0,1100.0,1200.0,1300.0,1300.0,1600.0,1800.0,2000.0,2100.0,3500.0,5000.0,5000.0,5257,0,1100,947.9696368978732,13.349990000278922,5022.231752998778,299.35799885866464,2026-08-18 14:46:09,1964.0,31.0,135.0,24.0,175.0
159,1787064350,45,,Aggregated,31.2,0.0,1100.0,1200.0,1300.0,1300.0,1600.0,1800.0,2000.0,2100.0,3500.0,5000.0,5000.0,5279,0,1100,950.4640767954384,13.349990000278922,5022.231752998778,299.2862284523584,2026-08-18 14:46:11,1964.0,31.0,135.0,24.0,177.0
160,1787064351,45,,Aggregated,30.7,0.0,1100.0,1200.0,1300.0,1400.0,1600.0,1800.0,2000.0,2100.0,3500.0,5000.0,5000.0,5312,0,1100,954.728243440912,13.349990000278922,5022.231752998778,299.3371611445783,2026-08-18 14:46:12,1964.0,31.0,135.0,24.0,178.0
161,1787064352,45,,Aggregated,29.9,0.0,1100.0,1200.0,1300.0,1400.0,1600.0,1800.0,2000.0,2100.0,3500.0,5000.0,5000.0,5343,0,1100,957.9805628463644,13.349990000278922,5022.231752998778,299.3681452367584,2026-08-18 14:46:13,1964.0,31.0,135.0,24.0,179.0
162,1787064353,45,,Aggregated,29.7,0.0,1100.0,1200.0,1300.0,1400.0,1600.0,1800.0,2000.0,2100.0,3500.0,5000.0,5000.0,5374,0,1100,960.6362840186312,13.349990000278922,5022.231752998778,299.0130256791961,2026-08-18 14:46:14,1964.0,31.0,135.0,24.0,180.0
163,1787064354,45,,Aggregated,30.3,0.0,1100.0,1200.0,1300.0,1400.0,1600.0,1800.0,2000.0,2100.0,3500.0,5000.0,5000.0,5402,0,1100,963.4564661081316,13.349990000278922,5022.231752998778,299.15901517956314,2026-08-18 14:46:15,1964.0,31.0,135.0,24.0,181.0
164,1787064355,45,,Aggregated,30.3,0.0,1100.0,1200.0,1300.0,1400.0,1600.0,1800.0,2000.0,2100.0,3500.0,5000.0,5000.0,5437,0,1100,966.9053307320448,13.349990000278922,5022.231752998778,298.84771013426524,2026-08-18 14:46:16,1964.0,31.0,135.0,24.0,182.0
165,1787064356,45,,Aggregated,30.2,0.0,1100.0,1200.0,1300.0,1400.0,1600.0,1800.0,2000.0,2100.0,3500.0,5000.0,5000.0,5464,0,1100,968.9590196751698,13.349990000278922,5022.231752998778,298.8171669106881,2026-08-18 14:46:17,1964.0,31.0,135.0,24.0,183.0
166,1787064357,45,,Aggregated,31.0,0.0,1100.0,1200.0,1300.0,1400.0,1600.0,1800.0,2000.0,2100.0,3500.0,5000.0,5000.0,5500,0,1100,972.00576420275,13.349990000278922,5022.231752998778,298.316,2026-08-18 14:46:18,1964.0,31.0,135.0,24.0,184.0
167,1787064358,45,,Aggregated,29.9,0.0,1100.0,1200.0,1300.0,1400.0,1600.0,1800.0,2000.0,2100.0,3500.0,5000.0,5000.0,5530,0,1100,974.2002238423364,13.349990000278922,5022.231752998778,297.96600361663656,2026-08-18 14:46:19,1964.0,31.0,135.0,24.0,185.0
168,1787064359,45,,Aggregated,30.2,0.0,1100.0,1200.0,1300.0,1400.0,1600.0,1800.0,2000.0,2100.0,3500.0,5000.0,5000.0,5557,0,1100,977.2039322210048,13.349990000278922,5022.231752998778,297.9420550656829,2026-08-18 14:46:21,1964.0,31.0,135.0,24.0,187.0
169,1787064360,45,,Aggregated,30.2,0.0,1100.0,1200.0,1300.0,1400.0,1600.0,1800.0,2000.0,2100.0,3500.0,5000.0,5000.0,5593,0,1100,980.3829258872038,13.349990000278922,5022.231752998778,297.68049347398534,2026-08-18 14:46:22,1964.0,31.0,135.0,24.0,188.0
170,1787064361,45,,Aggregated,29.8,0.0,1100.0,1200.0,1300.0,1400.0,1600.0,1800.0,2000.0,2100.0,3500.0,5000.0,5000.0,5623,0,1100,982.2809604261302,13.349990000278922,5022.231752998778,297.3384314422906,2026-08-18 14:46:23,1964.0,31.0,135.0,24.0,189.0
171,1787064362,45,,Aggregated,31.3,0.0,1100.0,1200.0,1300.0,1400.0,1600.0,1800.0,2000.0,2100.0,3500.0,5000.0,5000.0,5655,0,1100,984.882797664921,13.349990000278922,5022.231752998778,297.0845269672856,2026-08-18 14:46:24,1962.0,32.0,133.0,24.0,190.0
172,1787064363,45,,Aggregated,31.0,0.0,1100.0,1200.0,1300.0,1400.0,1600.0,1800.0,2000.0,2100.0,3500.0,5000.0,5000.0,5684,0,1100,987.4967306851046,13.349990000278922,5022.231752998778,297.0174173117523,2026-08-18 14:46:25,1962.0,32.0,133.0,24.0,191.0
173,1787064364,45,,Aggregated,31.1,0.0,1100.0,1200.0,1300.0,1400.0,1600.0,1800.0,2000.0,2100.0,3500.0,5000.0,5000.0,5715,0,1100,990.0050318859376,13.349990000278922,5022.231752998778,296.56797900262467,2026-08-18 14:46:26,1962.0,32.0,133.0,24.0,192.0
174,1787064365,45,,Aggregated,30.8,0.0,1100.0,1300.0,1300.0,1400.0,1600.0,1800.0,2000.0,2100.0,3500.0,5000.0,5000.0,5747,0,1100,992.62910631062,13.349990000278922,5022.231752998778,296.5314076909692,2026-08-18 14:46:27,1962.0,32.0,133.0,24.0,193.0
175,1787064366,45,,Aggregated,31.1,0.0,1100.0,1300.0,1300.0,1400.0,1600.0,1800.0,2000.0,2100.0,3500.0,5000.0,5000.0,5779,0,1100,995.0715288463628,13.349990000278922,5022.231752998778,296.13514448866584,2026-08-18 14:46:28,1962.0,32.0,133.0,24.0,194.0
176,1787064367,45,,Aggregated,30.6,0.0,1100.0,1300.0,1300.0,1400.0,1600.0,1800.0,2000.0,2100.0,3500.0,5000.0,5000.0,5797,0,1100,996.8799635949846,13.349990000278922,5022.231752998778,296.31430050025875,2026-08-18 14:46:29,1962.0,32.0,133.0,24.0,195.0
177,1787064368,45,,Aggregated,31.1,0.0,1100.0,1300.0,1300.0,1400.0,1600.0,1800.0,2000.0,2100.0,3500.0,5000.0,5000.0,5823,0,1100,1000.8029183295764,13.349990000278922,5022.231752998778,296.7073673364245,2026-08-18 14:46:30,1962.0,32.0,133.0,24.0,196.0
178,1787064369,45,,Aggregated,29.9,0.0,1100.0,1300.0,1400.0,1400.0,1600.0,1800.0,2000.0,2100.0,3500.0,5000.0,5000.0,5849,0,1100,1004.4923998757258,13.349990000278922,5022.231752998778,296.94768336467774,2026-08-18 14:46:32,1962.0,32.0,133.0,24.0,198.0
179,1787064370,45,,Aggregated,29.5,0.0,1100.0,1300.0,1400.0,1400.0,1600.0,1800.0,2000.0,2100.0,3500.0,5000.0,5000.0,5880,0,1100,1008.0510417643072,13.349990000278922,5022.231752998778,296.9908163265306,2026-08-18 14:46:33,1962.0,32.0,133.0,24.0,199.0
180,1787064371,45,,Aggregated,29.5,0.0,1100.0,1300.0,1400.0,1400.0,1600.0,1800.0,2000.0,2100.0,3500.0,5000.0,5000.0,5911,0,1100,1010.427562518715,13.349990000278922,5022.231752998778,296.76146168161057,2026-08-18 14:46:34,1962.0,32.0,133.0,24.0,200.0
181,1787064372,45,,Aggregated,28.9,0.0,1100.0,1300.0,1400.0,1400.0,1600.0,1800.0,2000.0,2100.0,3500.0,5000.0,5000.0,5940,0,1100,1012.9450486611328,13.349990000278922,5022.231752998778,296.61582491582493,2026-08-18 14:46:35,1962.0,32.0,133.0,24.0,201.0
182,1787064373,45,,Aggregated,29.0,0.0,1100.0,1300.0,1400.0,1400.0,1600.0,1800.0,2000.0,2100.0,3500.0,5000.0,5000.0,5963,0,1100,1015.095771140724,13.349990000278922,5022.231752998778,296.4492705014255,2026-08-18 14:46:36,1962.0,32.0,133.0,24.0,202.0
183,1787064374,45,,Aggregated,28.4,0.0,1100.0,1300.0,1400.0,1400.0,1600.0,1800.0,2000.0,2200.0,3500.0,5000.0,5000.0,5991,0,1100,1018.9073532410524,13.349990000278922,5022.231752998778,296.90035052578867,2026-08-18 14:46:37,1962.0,32.0,133.0,24.0,203.0
184,1787064375,45,,Aggregated,28.1,0.0,1100.0,1300.0,1400.0,1400.0,1600.0,1800.0,2000.0,2200.0,3500.0,5000.0,5000.0,6022,0,1100,1022.4427516713952,13.349990000278922,5022.231752998778,297.0519760876785,2026-08-18 14:46:38,1962.0,32.0,133.0,24.0,204.0
185,1787064376,45,,Aggregated,27.8,0.0,1100.0,1300.0,1400.0,1400.0,1600.0,1800.0,2000.0,2200.0,3500.0,5000.0,5000.0,6051,0,1100,1024.5970439953971,13.349990000278922,5022.231752998778,296.9010080978351,2026-08-18 14:46:39,1959.0,32.0,129.0,25.0,205.0
186,1787064377,45,,Aggregated,27.7,0.0,1100.0,1300.0,1400.0,1400.0,1600.0,1800.0,2000.0,2200.0,3500.0,5000.0,5000.0,6077,0,1100,1026.5232381311737,13.349990000278922,5022.231752998778,296.67648510778344,2026-08-18 14:46:40,1959.0,32.0,129.0,25.0,206.0
187,1787064378,45,,Aggregated,27.6,0.0,1100.0,1300.0,1400.0,1400.0,1600.0,1800.0,2000.0,2200.0,3500.0,5000.0,5000.0,6109,0,1100,1029.344866658069,13.349990000278922,5022.231752998778,296.6424946799804,2026-08-18 14:46:41,1959.0,32.0,129.0,25.0,207.0
188,1787064379,45,,Aggregated,27.9,0.0,1100.0,1300.0,1400.0,1400.0,1600.0,1800.0,2000.0,2200.0,3500.0,5000.0,5000.0,6131,0,1100,1031.9130564136578,13.349990000278922,5022.231752998778,297.0675256891209,2026-08-18 14:46:43,1959.0,32.0,129.0,25.0,209.0
189,1787064380,45,,Aggregated,28.1,0.0,1100.0,1300.0,1400.0,1400.0,1700.0,1900.0,2000.0,2200.0,3500.0,5000.0,5000.0,6164,0,1100,1035.351331395868,13.349990000278922,5022.231752998778,296.95035691109666,2026-08-18 14:46:44,1959.0,32.0,129.0,25.0,210.0
190,1787064381,45,,Aggregated,28.0,0.0,1100.0,1300.0,1400.0,1400.0,1700.0,1900.0,2000.0,2200.0,3500.0,5000.0,5000.0,6195,0,1100,1037.0159064658803,13.349990000278922,5022.231752998778,296.48361581920904,2026-08-18 14:46:45,1959.0,32.0,129.0,25.0,211.0
191,1787064382,45,,Aggregated,28.1,0.0,1200.0,1300.0,1400.0,1400.0,1700.0,1900.0,2000.0,2200.0,3500.0,5000.0,5000.0,6224,0,1200,1039.2116066720955,13.349990000278922,5022.231752998778,296.44890745501283,2026-08-18 14:46:46,1959.0,32.0,129.0,25.0,212.0
192,1787064383,45,,Aggregated,28.2,0.0,1200.0,1300.0,1400.0,1500.0,1700.0,1900.0,2000.0,2200.0,3500.0,5000.0,5000.0,6254,0,1200,1041.5632403789775,13.349990000278922,5022.231752998778,296.1477454429165,2026-08-18 14:46:47,1959.0,32.0,129.0,25.0,213.0
193,1787064384,45,,Aggregated,28.4,0.0,1200.0,1300.0,1400.0,1500.0,1700.0,1900.0,2100.0,2200.0,3500.0,5000.0,5000.0,6281,0,1200,1043.9185287085054,13.349990000278922,5022.231752998778,296.1608024199968,2026-08-18 14:46:48,1959.0,32.0,129.0,25.0,214.0
194,1787064385,45,,Aggregated,29.0,0.0,1200.0,1300.0,1400.0,1500.0,1700.0,1900.0,2100.0,2200.0,3500.0,5000.0,5000.0,6313,0,1200,1046.4425167906115,13.349990000278922,5022.231752998778,295.9377475051481,2026-08-18 14:46:49,1959.0,32.0,129.0,25.0,215.0
195,1787064386,45,,Aggregated,28.9,0.0,1200.0,1300.0,1400.0,1500.0,1700.0,1900.0,2100.0,2200.0,3500.0,5000.0,5000.0,6341,0,1200,1048.1327438962517,13.349990000278922,5022.231752998778,295.5756189875414,2026-08-18 14:46:50,1959.0,32.0,129.0,25.0,216.0
196,1787064387,45,,Aggregated,29.0,0.0,1200.0,1300.0,1400.0,1500.0,1700.0,1900.0,2100.0,2200.0,3500.0,5000.0,5000.0,6368,0,1200,1050.573294994838,13.349990000278922,5022.231752998778,295.67509422110555,2026-08-18 14:46:51,1959.0,32.0,129.0,25.0,217.0
197,1787064388,45,,Aggregated,28.9,0.0,1200.0,1300.0,1400.0,1500.0,1700.0,1900.0,2100.0,2200.0,3500.0,5000.0,5000.0,6399,0,1200,1053.3387994125844,13.349990000278922,5022.231752998778,295.4771057977809,2026-08-18 14:46:53,1959.0,32.0,129.0,25.0,219.0
198,1787064389,45,,Aggregated,29.1,0.0,1200.0,1300.0,1400.0,1500.0,1700.0,1900.0,2100.0,2200.0,3500.0,5000.0,5000.0,6424,0,1200,1055.7264689987742,13.349990000278922,5022.231752998778,295.50871731008715,2026-08-18 14:46:54,1967.0,32.0,122.0,25.0,220.0
199,1787064390,45,,Aggregated,29.0,0.0,1200.0,1300.0,1400.0,1500.0,1700.0,1900.0,2100.0,2200.0,3500.0,5000.0,5000.0,6451,0,1200,1058.4561144390216,13.349990000278922,5022.231752998778,295.6279646566424,2026-08-18 14:46:55,1967.0,32.0,122.0,25.0,221.0
200,1787064391,45,,Aggregated,29.3,0.0,1200.0,1300.0,1400.0,1500.0,1700.0,1900.0,2100.0,2200.0,3500.0,5000.0,5000.0,6480,0,1200,1060.724004546008,13.349990000278922,5022.231752998778,295.3621913580247,2026-08-18 14:46:56,1967.0,32.0,122.0,25.0,222.0
201,1787064392,45,,Aggregated,28.9,0.0,1200.0,1300.0,1400.0,1500.0,1700.0,1900.0,2100.0,2200.0,3500.0,5000.0,5000.0,6504,0,1200,1062.701385687751,13.349990000278922,5022.231752998778,295.2988929889299,2026-08-18 14:46:57,1967.0,32.0,122.0,25.0,223.0
202,1787064393,45,,Aggregated,28.3,0.0,1200.0,1300.0,1400.0,1500.0,1700.0,1900.0,2100.0,2200.0,3500.0,5000.0,5000.0,6535,0,1200,1065.8141645034627,13.349990000278922,5022.231752998778,295.39755164498854,2026-08-18 14:46:58,1967.0,32.0,122.0,25.0,224.0
203,1787064394,45,,Aggregated,28.2,0.0,1200.0,1300.0,1400.0,1500.0,1700.0,1900.0,2100.0,2200.0,3500.0,5000.0,5000.0,6561,0,1200,1067.838763925335,13.349990000278922,5022.231752998778,295.16765736930347,2026-08-18 14:46:59,1967.0,32.0,122.0,25.0,225.0
204,1787064395,45,,Aggregated,27.8,0.0,1200.0,1300.0,1400.0,1500.0,1700.0,1900.0,2100.0,2200.0,3500.0,5000.0,5000.0,6590,0,1200,1070.3989709995624,13.349990000278922,5022.231752998778,295.1186646433991,2026-08-18 14:47:00,1967.0,32.0,122.0,25.0,226.0
205,1787064396,45,,Aggregated,28.1,0.0,1200.0,1300.0,1400.0,1500.0,1700.0,1900.0,2100.0,2200.0,3500.0,5000.0,5000.0,6621,0,1200,1072.6819897905318,13.349990000278922,5022.231752998778,294.8979006192418,2026-08-18 14:47:01,1967.0,32.0,122.0,25.0,227.0
206,1787064397,45,,Aggregated,27.7,0.0,1200.0,1300.0,1400.0,1500.0,1700.0,1900.0,2100.0,2200.0,3500.0,5000.0,5000.0,6652,0,1200,1074.4359839475517,13.349990000278922,5022.231752998778,294.62883343355384,2026-08-18 14:47:03,1967.0,32.0,122.0,25.0,229.0
207,1787064398,45,,Aggregated,28.1,0.0,1200.0,1300.0,1400.0,1500.0,1700.0,1900.0,2100.0,2200.0,3500.0,5000.0,5000.0,6679,0,1200,1076.280171089551,13.349990000278922,5022.231752998778,294.39182512352147,2026-08-18 14:47:04,1967.0,32.0,122.0,25.0,230.0
208,1787064399,45,,Aggregated,28.0,0.0,1200.0,1300.0,1400.0,1500.0,1700.0,1900.0,2100.0,2200.0,3500.0,5000.0,5000.0,6705,0,1200,1078.338121502329,13.349990000278922,5022.231752998778,294.1971662938106,2026-08-18 14:47:05,1967.0,32.0,122.0,25.0,231.0
209,1787064400,45,,Aggregated,28.2,0.0,1200.0,1300.0,1400.0,1500.0,1700.0,1900.0,2100.0,2200.0,3500.0,5000.0,5000.0,6732,0,1200,1081.076122823694,13.349990000278922,5022.231752998778,294.2927807486631,2026-08-18 14:47:06,1967.0,32.0,122.0,25.0,232.0
210,1787064401,45,,Aggregated,28.1,0.0,1200.0,1300.0,1400.0,1500.0,1700.0,1900.0,2100.0,2200.0,3500.0,5000.0,5000.0,6763,0,1200,1083.5092498783254,13.349990000278922,5022.231752998778,294.18896939228154,2026-08-18 14:47:07,1967.0,32.0,122.0,25.0,233.0
211,1787064402,45,,Aggregated,28.1,0.0,1200.0,1400.0,1400.0,1500.0,1700.0,1900.0,2100.0,2200.0,3500.0,5000.0,5000.0,6791,0,1200,1085.4474616168625,13.349990000278922,5022.231752998778,294.0596377558533,2026-08-18 14:47:08,1967.0,32.0,122.0,25.0,234.0
212,1787064403,45,,Aggregated,27.9,0.0,1200.0,1400.0,1500.0,1500.0,1700.0,1900.0,2100.0,2200.0,3500.0,5000.0,5000.0,6816,0,1200,1087.475070024958,13.349990000278922,5022.231752998778,294.11164906103284,2026-08-18 14:47:09,1967.0,32.0,119.0,24.0,235.0
213,1787064404,45,,Aggregated,28.3,0.0,1200.0,1400.0,1500.0,1500.0,1700.0,1900.0,2100.0,2200.0,3500.0,5000.0,5000.0,6844,0,1200,1090.2629289371878,13.349990000278922,5022.231752998778,294.16379310344826,2026-08-18 14:47:10,1967.0,32.0,119.0,24.0,236.0
214,1787064405,45,,Aggregated,28.2,0.0,1200.0,1400.0,1500.0,1500.0,1700.0,1900.0,2100.0,2200.0,3500.0,5000.0,5000.0,6871,0,1200,1092.3464679380163,13.349990000278922,5022.231752998778,293.8992868578082,2026-08-18 14:47:11,1967.0,32.0,119.0,24.0,237.0
215,1787064406,45,,Aggregated,27.7,0.0,1200.0,1400.0,1500.0,1500.0,1700.0,1900.0,2100.0,2200.0,3500.0,5000.0,5000.0,6898,0,1200,1094.3924749946516,13.349990000278922,5022.231752998778,293.9452015076834,2026-08-18 14:47:13,1967.0,32.0,119.0,24.0,239.0
216,1787064407,45,,Aggregated,28.1,0.0,1200.0,1400.0,1500.0,1500.0,1700.0,1900.0,2100.0,2200.0,3500.0,5000.0,5000.0,6919,0,1200,1096.3631816882655,13.349990000278922,5022.231752998778,293.95013730307846,2026-08-18 14:47:14,1967.0,32.0,119.0,24.0,240.0
217,1787064408,45,,Aggregated,27.3,0.0,1200.0,1400.0,1500.0,1500.0,1700.0,1900.0,2100.0,2200.0,3500.0,5000.0,5000.0,6955,0,1200,1099.3940402489022,13.349990000278922,5022.231752998778,293.6838245866283,2026-08-18 14:47:15,1967.0,32.0,119.0,24.0,241.0
218,1787064409,45,,Aggregated,27.0,0.0,1200.0,1400.0,1500.0,1500.0,1700.0,1900.0,2100.0,2200.0,3500.0,5000.0,5000.0,6982,0,1200,1101.0901774931406,13.349990000278922,5022.231752998778,293.5068748209682,2026-08-18 14:47:16,1967.0,32.0,119.0,24.0,242.0
219,1787064410,45,,Aggregated,27.2,0.0,1200.0,1400.0,1500.0,1500.0,1700.0,1900.0,2100.0,2200.0,3200.0,5000.0,5000.0,7007,0,1200,1103.0601856876135,13.349990000278922,5022.231752998778,293.43956043956047,2026-08-18 14:47:17,1967.0,32.0,119.0,24.0,243.0
220,1787064411,45,,Aggregated,27.2,0.0,1200.0,1400.0,1500.0,1500.0,1700.0,1900.0,2100.0,2200.0,3200.0,5000.0,5000.0,7033,0,1200,1105.1633131295473,13.349990000278922,5022.231752998778,293.4783165078913,2026-08-18 14:47:18,1967.0,32.0,119.0,24.0,244.0
221,1787064412,45,,Aggregated,27.6,0.0,1200.0,1400.0,1500.0,1500.0,1700.0,1900.0,2100.0,2200.0,3200.0,5000.0,5000.0,7062,0,1200,1107.480855586959,13.349990000278922,5022.231752998778,293.16737468139337,2026-08-18 14:47:19,1967.0,32.0,119.0,24.0,245.0
222,1787064413,45,,Aggregated,27.4,0.0,1200.0,1400.0,1500.0,1500.0,1700.0,1900.0,2100.0,2200.0,3200.0,5000.0,5000.0,7087,0,1200,1109.41685041627,13.349990000278922,5022.231752998778,293.12346550021164,2026-08-18 14:47:20,1967.0,32.0,119.0,24.0,246.0
223,1787064414,45,,Aggregated,27.3,0.0,1200.0,1400.0,1500.0,1500.0,1700.0,1900.0,2100.0,2200.0,3200.0,5000.0,5000.0,7116,0,1200,1111.8931936637312,13.349990000278922,5022.231752998778,293.1646992692524,2026-08-18 14:47:21,1967.0,32.0,119.0,24.0,247.0
224,1787064415,45,,Aggregated,26.8,0.0,1200.0,1400.0,1500.0,1500.0,1700.0,1900.0,2100.0,2200.0,3200.0,5000.0,5000.0,7142,0,1200,1113.9601526092288,13.349990000278922,5022.231752998778,293.0827499299916,2026-08-18 14:47:23,1967.0,32.0,119.0,24.0,249.0
225,1787064416,45,,Aggregated,27.3,0.0,1200.0,1400.0,1500.0,1500.0,1700.0,1900.0,2100.0,2200.0,3200.0,5000.0,5000.0,7169,0,1200,1116.0377350463268,13.349990000278922,5022.231752998778,292.9786581113126,2026-08-18 14:47:24,1970.0,32.0,109.0,25.0,250.0
226,1787064417,45,,Aggregated,26.7,0.0,1200.0,1400.0,1500.0,1500.0,1700.0,1900.0,2100.0,2200.0,3200.0,5000.0,5000.0,7199,0,1200,1118.1160057430357,13.349990000278922,5022.231752998778,292.6939852757328,2026-08-18 14:47:25,1970.0,32.0,109.0,25.0,251.0
227,1787064418,45,,Aggregated,27.0,0.0,1200.0,1400.0,1500.0,1500.0,1700.0,1900.0,2100.0,2200.0,3200.0,5000.0,5000.0,7226,0,1200,1119.8726989536565,13.349990000278922,5022.231752998778,292.57417658455574,2026-08-18 14:47:26,1970.0,32.0,109.0,25.0,252.0
228,1787064419,45,,Aggregated,27.7,0.0,1200.0,1400.0,1500.0,1500.0,1700.0,1900.0,2100.0,2200.0,3200.0,5000.0,5000.0,7250,0,1200,1121.7232934173962,13.349990000278922,5022.231752998778,292.4566896551724,2026-08-18 14:47:27,1970.0,32.0,109.0,25.0,253.0
229,1787064420,45,,Aggregated,27.3,0.0,1200.0,1400.0,1500.0,1600.0,1700.0,1900.0,2100.0,2200.0,3200.0,5000.0,5000.0,7277,0,1200,1124.191417228546,13.349990000278922,5022.231752998778,292.5761989830974,2026-08-18 14:47:28,1970.0,32.0,109.0,25.0,254.0
230,1787064421,45,,Aggregated,27.3,0.0,1200.0,1400.0,1500.0,1600.0,1700.0,1900.0,2100.0,2200.0,3200.0,5000.0,5000.0,7302,0,1200,1126.2771448010317,13.349990000278922,5022.231752998778,292.3222404820597,2026-08-18 14:47:29,1970.0,32.0,109.0,25.0,255.0
231,1787064422,45,,Aggregated,26.6,0.0,1200.0,1400.0,1500.0,1600.0,1700.0,1900.0,2100.0,2200.0,3200.0,5000.0,5000.0,7328,0,1200,1128.633988548326,13.349990000278922,5022.231752998778,292.3629912663756,2026-08-18 14:47:30,1970.0,32.0,109.0,25.0,256.0
232,1787064423,45,,Aggregated,26.7,0.0,1200.0,1400.0,1500.0,1600.0,1700.0,1900.0,2100.0,2200.0,3200.0,5000.0,5000.0,7355,0,1200,1130.9050342598418,13.349990000278922,5022.231752998778,292.3186947654657,2026-08-18 14:47:31,1970.0,32.0,109.0,25.0,257.0
233,1787064424,45,,Aggregated,26.1,0.0,1200.0,1400.0,1500.0,1600.0,1700.0,1900.0,2100.0,2200.0,3200.0,5000.0,5000.0,7378,0,1200,1132.8604046140065,13.349990000278922,5022.231752998778,292.2441040932502,2026-08-18 14:47:33,1970.0,32.0,109.0,25.0,259.0
234,1787064425,45,,Aggregated,26.6,0.0,1200.0,1400.0,1500.0,1600.0,1700.0,1900.0,2100.0,2200.0,3200.0,5000.0,5000.0,7402,0,1200,1134.978897328173,13.349990000278922,5022.231752998778,292.1798162658741,2026-08-18 14:47:34,1970.0,32.0,109.0,25.0,260.0
235,1787064426,45,,Aggregated,26.4,0.0,1200.0,1400.0,1500.0,1600.0,1700.0,1900.0,2100.0,2200.0,3200.0,5000.0,5000.0,7428,0,1200,1137.6574399060498,13.349990000278922,5022.231752998778,292.47213247172857,2026-08-18 14:47:35,1970.0,32.0,109.0,25.0,261.0
236,1787064427,45,,Aggregated,26.3,0.0,1200.0,1400.0,1500.0,1600.0,1700.0,1900.0,2100.0,2200.0,3200.0,5000.0,5000.0,7456,0,1200,1140.0254882473355,13.349990000278922,5022.231752998778,292.4097371244635,2026-08-18 14:47:36,1970.0,32.0,109.0,25.0,262.0
237,1787064428,45,,Aggregated,25.9,0.0,1200.0,1400.0,1500.0,1600.0,1700.0,1900.0,2100.0,2200.0,3200.0,5000.0,5000.0,7475,0,1200,1141.4265783462392,13.349990000278922,5022.231752998778,292.28454849498326,2026-08-18 14:47:37,1970.0,32.0,109.0,25.0,263.0
238,1787064429,45,,Aggregated,25.5,0.0,1200.0,1400.0,1500.0,1600.0,1800.0,1900.0,2100.0,2200.0,3200.0,5000.0,5000.0,7503,0,1200,1144.0035313273545,13.349990000278922,5022.231752998778,292.4552845528455,2026-08-18 14:47:38,1970.0,32.0,109.0,25.0,264.0
239,1787064430,45,,Aggregated,25.1,0.0,1200.0,1400.0,1500.0,1600.0,1800.0,2000.0,2100.0,2200.0,3200.0,5000.0,5000.0,7531,0,1200,1146.314096528102,13.349990000278922,5022.231752998778,292.34670030540434,2026-08-18 14:47:39,1968.0,32.0,116.0,24.0,265.0
240,1787064431,45,,Aggregated,25.1,0.0,1200.0,1400.0,1500.0,1600.0,1800.0,2000.0,2100.0,2200.0,3200.0,5000.0,5000.0,7558,0,1200,1148.2257132721809,13.349990000278922,5022.231752998778,292.3659698332892,2026-08-18 14:47:40,1968.0,32.0,116.0,24.0,266.0
241,1787064432,45,,Aggregated,25.2,0.0,1200.0,1400.0,1500.0,1600.0,1800.0,2000.0,2100.0,2200.0,3200.0,5000.0,5000.0,7579,0,1200,1149.8114461587472,13.349990000278922,5022.231752998778,292.21454017680435,2026-08-18 14:47:41,1968.0,32.0,116.0,24.0,267.0
242,1787064433,45,,Aggregated,25.4,0.0,1300.0,1400.0,1500.0,1600.0,1800.0,2000.0,2100.0,2200.0,3200.0,5000.0,5000.0,7605,0,1300,1152.1062235412414,13.349990000278922,5022.231752998778,292.2541748849441,2026-08-18 14:47:42,1968.0,32.0,116.0,24.0,268.0
243,1787064434,45,,Aggregated,25.4,0.0,1300.0,1400.0,1500.0,1600.0,1800.0,2000.0,2100.0,2200.0,3200.0,5000.0,5000.0,7627,0,1300,1154.2884231913133,13.349990000278922,5022.231752998778,292.42651107906124,2026-08-18 14:47:44,1968.0,32.0,116.0,24.0,270.0
244,1787064435,45,,Aggregated,25.6,0.0,1300.0,1400.0,1500.0,1600.0,1800.0,2000.0,2100.0,2200.0,3200.0,5000.0,5000.0,7654,0,1300,1157.1899398321336,13.349990000278922,5022.231752998778,292.62568591586097,2026-08-18 14:47:45,1968.0,32.0,116.0,24.0,271.0
245,1787064436,45,,Aggregated,24.7,0.0,1300.0,1400.0,1500.0,1600.0,1800.0,2000.0,2100.0,2200.0,3200.0,5000.0,5000.0,7680,0,1300,1159.1186643562692,13.349990000278922,5022.231752998778,292.41315104166665,2026-08-18 14:47:46,1968.0,32.0,116.0,24.0,272.0
246,1787064437,45,,Aggregated,24.8,0.0,1300.0,1400.0,1500.0,1600.0,1800.0,2000.0,2100.0,2200.0,3200.0,5000.0,5000.0,7705,0,1300,1160.9186676864565,13.349990000278922,5022.231752998778,292.3310837118754,2026-08-18 14:47:47,1968.0,32.0,116.0,24.0,273.0
247,1787064438,45,,Aggregated,25.0,0.0,1300.0,1400.0,1500.0,1600.0,1800.0,2000.0,2100.0,2200.0,3200.0,5000.0,5000.0,7731,0,1300,1162.9081601210896,13.349990000278922,5022.231752998778,292.2378734963136,2026-08-18 14:47:48,1968.0,32.0,116.0,24.0,274.0
248,1787064439,45,,Aggregated,25.2,0.0,1300.0,1400.0,1500.0,1600.0,1800.0,2000.0,2100.0,2200.0,3200.0,5000.0,5000.0,7755,0,1300,1164.8145617432815,13.349990000278922,5022.231752998778,292.1757575757576,2026-08-18 14:47:49,1968.0,32.0,116.0,24.0,275.0
249,1787064440,45,,Aggregated,25.4,0.0,1300.0,1400.0,1500.0,1600.0,1800.0,2000.0,2100.0,2300.0,3200.0,5000.0,5000.0,7782,0,1300,1167.0375333226864,13.349990000278922,5022.231752998778,292.109611924955,2026-08-18 14:47:50,1968.0,32.0,116.0,24.0,276.0
250,1787064441,45,,Aggregated,25.2,0.0,1300.0,1500.0,1500.0,1600.0,1800.0,2000.0,2100.0,2300.0,3200.0,5000.0,5000.0,7801,0,1300,1168.6841251892247,13.349990000278922,5022.231752998778,292.17190103832843,2026-08-18 14:47:51,1968.0,32.0,116.0,24.0,277.0
251,1787064442,45,,Aggregated,25.3,0.0,1300.0,1500.0,1600.0,1600.0,1800.0,2000.0,2200.0,2300.0,3200.0,5000.0,5000.0,7828,0,1300,1171.574816703136,13.349990000278922,5022.231752998778,292.2814256515074,2026-08-18 14:47:52,1968.0,32.0,116.0,24.0,278.0
252,1787064443,45,,Aggregated,24.4,0.0,1300.0,1500.0,1600.0,1600.0,1800.0,2000.0,2200.0,2300.0,3200.0,5000.0,5000.0,7853,0,1300,1173.5037140209022,13.349990000278922,5022.231752998778,292.1810772953012,2026-08-18 14:47:54,1965.0,33.0,111.0,24.0,280.0
253,1787064444,45,,Aggregated,24.8,0.0,1300.0,1500.0,1600.0,1600.0,1800.0,2000.0,2200.0,2300.0,3200.0,5000.0,5000.0,7876,0,1300,1175.3212628204858,13.349990000278922,5022.231752998778,292.15528186896904,2026-08-18 14:47:55,1965.0,33.0,111.0,24.0,281.0
254,1787064445,45,,Aggregated,24.1,0.0,1300.0,1500.0,1600.0,1600.0,1800.0,2000.0,2200.0,2300.0,3200.0,5000.0,5000.0,7907,0,1300,1177.333452345915,13.349990000278922,5022.231752998778,291.7476919185532,2026-08-18 14:47:56,1965.0,33.0,111.0,24.0,282.0
255,1787064446,45,,Aggregated,24.9,0.0,1300.0,1500.0,1600.0,1600.0,1800.0,2000.0,2200.0,2300.0,3200.0,5000.0,5000.0,7931,0,1300,1178.8419631866293,13.349990000278922,5022.231752998778,291.7123944017148,2026-08-18 14:47:57,1965.0,33.0,111.0,24.0,283.0
256,1787064447,45,,Aggregated,25.4,0.0,1300.0,1500.0,1600.0,1600.0,1800.0,2000.0,2200.0,2300.0,3200.0,5000.0,5000.0,7958,0,1300,1180.9669075442516,13.349990000278922,5022.231752998778,291.6303091228952,2026-08-18 14:47:58,1965.0,33.0,111.0,24.0,284.0
257,1787064448,45,,Aggregated,25.1,0.0,1300.0,1500.0,1600.0,1600.0,1800.0,2000.0,2200.0,2300.0,3200.0,5000.0,5000.0,7979,0,1300,1182.6197196597514,13.349990000278922,5022.231752998778,291.5480636671262,2026-08-18 14:47:59,1965.0,33.0,111.0,24.0,285.0
258,1787064449,45,,Aggregated,25.1,0.0,1300.0,1500.0,1600.0,1600.0,1800.0,2000.0,2200.0,2300.0,3200.0,5000.0,5000.0,8000,0,1300,1184.7683474615185,13.349990000278922,5022.231752998778,291.90325,2026-08-18 14:48:00,1965.0,33.0,111.0,24.0,286.0
259,1787064450,45,,Aggregated,24.9,0.0,1300.0,1500.0,1600.0,1600.0,1800.0,2000.0,2200.0,2300.0,3000.0,5000.0,5000.0,8029,0,1300,1187.5034725933676,13.349990000278922,5022.231752998778,291.8314858637439,2026-08-18 14:48:01,1965.0,33.0,111.0,24.0,287.0
260,1787064451,45,,Aggregated,24.5,0.0,1300.0,1500.0,1600.0,1600.0,1800.0,2000.0,2200.0,2300.0,3000.0,5000.0,5000.0,8052,0,1300,1188.90333850213,13.349990000278922,5022.231752998778,291.83308494783904,2026-08-18 14:48:02,1965.0,33.0,111.0,24.0,288.0
261,1787064452,45,,Aggregated,24.6,0.0,1300.0,1500.0,1600.0,1600.0,1800.0,2000.0,2200.0,2300.0,3000.0,5000.0,5000.0,8079,0,1300,1190.7101273480828,13.349990000278922,5022.231752998778,291.55600940710485,2026-08-18 14:48:04,1965.0,33.0,111.0,24.0,290.0
262,1787064453,45,,Aggregated,25.4,0.0,1300.0,1500.0,1600.0,1600.0,1800.0,2000.0,2200.0,2300.0,3000.0,5000.0,5000.0,8103,0,1300,1192.6867665218017,13.349990000278922,5022.231752998778,291.6217450327039,2026-08-18 14:48:05,1965.0,33.0,111.0,24.0,291.0
263,1787064454,45,,Aggregated,25.1,0.0,1300.0,1500.0,1600.0,1600.0,1800.0,2000.0,2200.0,2300.0,3000.0,5000.0,5000.0,8126,0,1300,1194.8748666746446,13.349990000278922,5022.231752998778,291.877430470096,2026-08-18 14:48:06,1965.0,33.0,111.0,24.0,292.0
264,1787064455,45,,Aggregated,25.1,0.0,1300.0,1500.0,1600.0,1600.0,1800.0,2000.0,2200.0,2300.0,3000.0,5000.0,5000.0,8148,0,1300,1196.7650952431466,13.349990000278922,5022.231752998778,291.6998036327933,2026-08-18 14:48:07,1965.0,33.0,111.0,24.0,293.0
265,1787064456,45,,Aggregated,24.7,0.0,1300.0,1500.0,1600.0,1600.0,1800.0,2000.0,2200.0,2300.0,3000.0,5000.0,5000.0,8172,0,1300,1198.7994546622808,13.349990000278922,5022.231752998778,291.76713166911406,2026-08-18 14:48:08,1965.0,33.0,111.0,24.0,294.0
266,1787064457,45,,Aggregated,24.4,0.0,1300.0,1500.0,1600.0,1700.0,1800.0,2000.0,2200.0,2300.0,3000.0,5000.0,5000.0,8198,0,1300,1200.8907001423715,13.349990000278922,5022.231752998778,291.72188338619173,2026-08-18 14:48:09,1965.0,33.0,111.0,24.0,295.0
267,1787064458,45,,Aggregated,24.2,0.0,1300.0,1500.0,1600.0,1700.0,1800.0,2000.0,2200.0,2300.0,3000.0,5000.0,5000.0,8219,0,1300,1202.6795293904568,13.349990000278922,5022.231752998778,291.89706776980165,2026-08-18 14:48:10,1965.0,33.0,111.0,24.0,296.0
268,1787064459,45,,Aggregated,24.0,0.0,1300.0,1500.0,1600.0,1700.0,1800.0,2000.0,2200.0,2300.0,3000.0,5000.0,5000.0,8245,0,1300,1205.2644098531437,13.349990000278922,5022.231752998778,291.9325651910249,2026-08-18 14:48:11,1965.0,33.0,111.0,24.0,297.0
269,1787064460,45,,Aggregated,23.6,0.0,1300.0,1500.0,1600.0,1700.0,1800.0,2000.0,2200.0,2300.0,3000.0,5000.0,5000.0,8272,0,1300,1206.7861773206198,13.349990000278922,5022.231752998778,291.59719535783364,2026-08-18 14:48:12,1965.0,33.0,111.0,24.0,298.0
270,1787064461,45,,Aggregated,24.5,0.0,1300.0,1500.0,1600.0,1700.0,1800.0,2000.0,2200.0,2300.0,3000.0,5000.0,5000.0,8297,0,1300,1208.4843009620545,13.349990000278922,5022.231752998778,291.6285404363023,2026-08-18 14:48:13,1965.0,33.0,111.0,24.0,299.0
271,1787064462,45,,Aggregated,24.4,0.0,1300.0,1500.0,1600.0,1700.0,1800.0,2000.0,2200.0,2300.0,3000.0,5000.0,5000.0,8320,0,1300,1210.2326078859585,13.349990000278922,5022.231752998778,291.5435096153846,2026-08-18 14:48:15,1965.0,33.0,111.0,24.0,301.0
272,1787064463,45,,Aggregated,24.0,0.0,1300.0,1500.0,1600.0,1700.0,1800.0,2000.0,2200.0,2300.0,3000.0,5000.0,5000.0,8347,0,1300,1212.2644725372195,13.349990000278922,5022.231752998778,291.3963100515155,2026-08-18 14:48:16,1965.0,33.0,111.0,24.0,302.0
273,1787064464,45,,Aggregated,24.0,0.0,1300.0,1500.0,1600.0,1700.0,1800.0,2000.0,2200.0,2300.0,3000.0,5000.0,5000.0,8370,0,1300,1213.8776513860423,13.349990000278922,5022.231752998778,291.27108721624853,2026-08-18 14:48:17,1965.0,33.0,111.0,24.0,303.0
274,1787064465,45,,Aggregated,24.4,0.0,1300.0,1500.0,1600.0,1700.0,1800.0,2000.0,2200.0,2300.0,3000.0,5000.0,5000.0,8390,0,1300,1215.633237555801,13.349990000278922,5022.231752998778,291.37699642431465,2026-08-18 14:48:18,1965.0,33.0,111.0,24.0,304.0
275,1787064466,45,,Aggregated,24.9,0.0,1300.0,1500.0,1600.0,1700.0,1800.0,2000.0,2200.0,2300.0,3000.0,5000.0,5000.0,8419,0,1300,1218.0316902382915,13.349990000278922,5022.231752998778,291.33460030882526,2026-08-18 14:48:19,1965.0,33.0,111.0,24.0,305.0
276,1787064467,45,,Aggregated,23.9,0.0,1300.0,1500.0,1600.0,1700.0,1800.0,2000.0,2200.0,2300.0,3000.0,5000.0,5000.0,8443,0,1300,1219.663118053557,13.349990000278922,5022.231752998778,291.29634016344903,2026-08-18 14:48:20,1965.0,33.0,111.0,24.0,306.0
277,1787064468,45,,Aggregated,24.8,0.0,1300.0,1500.0,1600.0,1700.0,1800.0,2000.0,2200.0,2300.0,3000.0,5000.0,5000.0,8467,0,1300,1221.3592273244576,13.349990000278922,5022.231752998778,291.1597968583914,2026-08-18 14:48:21,1965.0,33.0,111.0,24.0,307.0
278,1787064469,45,,Aggregated,24.1,0.0,1300.0,1500.0,1600.0,1700.0,1900.0,2000.0,2200.0,2300.0,3000.0,5000.0,5000.0,8488,0,1300,1222.8473383313133,13.349990000278922,5022.231752998778,291.2497643732328,2026-08-18 14:48:22,1965.0,33.0,111.0,24.0,308.0
279,1787064470,45,,Aggregated,25.2,0.0,1300.0,1500.0,1600.0,1700.0,1900.0,2000.0,2200.0,2300.0,3000.0,5000.0,5000.0,8508,0,1300,1224.6968629712255,13.349990000278922,5022.231752998778,291.37458862247297,2026-08-18 14:48:23,1970.0,33.0,104.0,24.0,309.0
280,1787064471,45,,Aggregated,24.4,0.0,1300.0,1500.0,1600.0,1700.0,1900.0,2000.0,2200.0,2300.0,3000.0,5000.0,5000.0,8539,0,1300,1227.7322261122124,13.349990000278922,5022.231752998778,291.3021431080923,2026-08-18 14:48:25,1970.0,33.0,104.0,24.0,311.0
281,1787064472,45,,Aggregated,23.9,0.0,1300.0,1500.0,1600.0,1700.0,1900.0,2000.0,2200.0,2300.0,3000.0,5000.0,5000.0,8555,0,1300,1228.891693809841,13.349990000278922,5022.231752998778,291.21881940385737,2026-08-18 14:48:26,1970.0,33.0,104.0,24.0,312.0
282,1787064473,45,,Aggregated,24.0,0.0,1300.0,1500.0,1600.0,1700.0,1900.0,2000.0,2200.0,2300.0,3000.0,5000.0,5000.0,8575,0,1300,1230.730732182179,13.349990000278922,5022.231752998778,291.52816326530615,2026-08-18 14:48:27,1970.0,33.0,104.0,24.0,313.0
283,1787064474,45,,Aggregated,23.8,0.0,1300.0,1500.0,1600.0,1700.0,1900.0,2100.0,2200.0,2300.0,3000.0,5000.0,5000.0,8596,0,1300,1233.0728581452056,13.349990000278922,5022.231752998778,291.7362726849698,2026-08-18 14:48:28,1970.0,33.0,104.0,24.0,314.0
284,1787064475,45,,Aggregated,23.2,0.0,1300.0,1500.0,1600.0,1700.0,1900.0,2100.0,2200.0,2300.0,3000.0,5000.0,5000.0,8626,0,1300,1235.8475789245526,13.349990000278922,5022.231752998778,291.77695339670765,2026-08-18 14:48:29,1970.0,33.0,104.0,24.0,315.0
285,1787064476,45,,Aggregated,22.6,0.0,1300.0,1500.0,1600.0,1700.0,1900.0,2100.0,2200.0,2300.0,3000.0,5000.0,5000.0,8652,0,1300,1237.4185415617412,13.349990000278922,5022.231752998778,291.5338650023116,2026-08-18 14:48:30,1970.0,33.0,104.0,24.0,316.0
286,1787064477,45,,Aggregated,23.5,0.0,1300.0,1500.0,1600.0,1700.0,1900.0,2100.0,2200.0,2300.0,3000.0,5000.0,5000.0,8678,0,1300,1238.9678366227458,13.349990000278922,5022.231752998778,291.3097487900438,2026-08-18 14:48:31,1970.0,33.0,104.0,24.0,317.0
287,1787064478,45,,Aggregated,22.9,0.0,1300.0,1500.0,1600.0,1700.0,1900.0,2100.0,2200.0,2300.0,3000.0,5000.0,5000.0,8700,0,1300,1240.5542279093324,13.349990000278922,5022.231752998778,291.2848275862069,2026-08-18 14:48:32,1970.0,33.0,104.0,24.0,318.0
288,1787064479,45,,Aggregated,23.3,0.0,1300.0,1500.0,1600.0,1700.0,1900.0,2100.0,2200.0,2300.0,3000.0,5000.0,5000.0,8722,0,1300,1242.1597568163486,13.349990000278922,5022.231752998778,291.2002980967668,2026-08-18 14:48:33,1970.0,33.0,104.0,24.0,319.0
289,1787064480,45,,Aggregated,22.8,0.0,1300.0,1500.0,1600.0,1700.0,1900.0,2100.0,2200.0,2300.0,3000.0,5000.0,5000.0,8747,0,1300,1244.0541007381034,13.349990000278922,5022.231752998778,291.2528867040128,2026-08-18 14:48:34,1970.0,33.0,104.0,24.0,320.0
290,1787064481,45,,Aggregated,23.5,0.0,1300.0,1500.0,1600.0,1700.0,1900.0,2100.0,2200.0,2300.0,3000.0,5000.0,5000.0,8769,0,1300,1245.6804052169216,13.349990000278922,5022.231752998778,291.16809214277566,2026-08-18 14:48:36,1970.0,33.0,104.0,24.0,322.0
291,1787064482,45,,Aggregated,23.4,0.0,1300.0,1500.0,1600.0,1700.0,1900.0,2100.0,2200.0,2300.0,3000.0,5000.0,5000.0,8790,0,1300,1247.3838399562214,13.349990000278922,5022.231752998778,291.27519908987483,2026-08-18 14:48:37,1970.0,33.0,104.0,24.0,323.0
292,1787064483,45,,Aggregated,23.6,0.0,1300.0,1500.0,1700.0,1700.0,1900.0,2100.0,2300.0,2400.0,3000.0,5000.0,5000.0,8815,0,1300,1249.6616912477818,13.349990000278922,5022.231752998778,291.32682926829267,2026-08-18 14:48:38,1970.0,33.0,104.0,24.0,324.0
293,1787064484,45,,Aggregated,23.4,0.0,1300.0,1500.0,1700.0,1700.0,1900.0,2100.0,2300.0,2400.0,3000.0,5000.0,5000.0,8831,0,1300,1251.1861339658244,13.349990000278922,5022.231752998778,291.58079492696186,2026-08-18 14:48:39,1970.0,33.0,103.0,25.0,325.0
294,1787064485,45,,Aggregated,23.6,0.0,1300.0,1500.0,1700.0,1700.0,1900.0,2100.0,2300.0,2400.0,3000.0,5000.0,5000.0,8858,0,1300,1253.9498463418597,13.349990000278922,5022.231752998778,291.6818694965003,2026-08-18 14:48:40,1970.0,33.0,103.0,25.0,326.0
295,1787064486,45,,Aggregated,23.2,0.0,1300.0,1500.0,1700.0,1700.0,1900.0,2100.0,2300.0,2400.0,3000.0,5000.0,5000.0,8880,0,1300,1255.8734499086927,13.349990000278922,5022.231752998778,291.66013513513514,2026-08-18 14:48:41,1970.0,33.0,103.0,25.0,327.0
296,1787064487,45,,Aggregated,23.0,0.0,1300.0,1500.0,1700.0,1700.0,1900.0,2100.0,2300.0,2400.0,3000.0,5000.0,5000.0,8903,0,1300,1257.7581182302818,13.349990000278922,5022.231752998778,291.7366056385488,2026-08-18 14:48:42,1970.0,33.0,103.0,25.0,328.0
297,1787064488,45,,Aggregated,22.9,0.0,1300.0,1600.0,1700.0,1700.0,1900.0,2100.0,2300.0,2400.0,3000.0,5000.0,5000.0,8924,0,1300,1259.457606297423,13.349990000278922,5022.231752998778,291.7593007619901,2026-08-18 14:48:43,1970.0,33.0,103.0,25.0,329.0
298,1787064489,45,,Aggregated,22.7,0.0,1300.0,1600.0,1700.0,1700.0,1900.0,2100.0,2300.0,2400.0,3000.0,5000.0,5000.0,8947,0,1300,1261.1245159828095,13.349990000278922,5022.231752998778,291.5618643120599,2026-08-18 14:48:44,1970.0,33.0,103.0,25.0,330.0
299,1787064490,45,,Aggregated,22.9,0.0,1400.0,1600.0,1700.0,1700.0,1900.0,2100.0,2300.0,2400.0,3000.0,5000.0,5000.0,8970,0,1400,1262.9268705574357,13.349990000278922,5022.231752998778,291.6612040133779,2026-08-18 14:48:46,1970.0,33.0,103.0,25.0,332.0
300,1787064491,45,,Aggregated,22.5,0.0,1400.0,1600.0,1700.0,1700.0,1900.0,2100.0,2300.0,2400.0,3000.0,5000.0,5000.0,8993,0,1400,1264.751908120004,13.349990000278922,5022.231752998778,291.6230401423329,2026-08-18 14:48:47,1970.0,33.0,103.0,25.0,333.0
301,1787064492,45,,Aggregated,22.4,0.0,1400.0,1600.0,1700.0,1700.0,1900.0,2100.0,2300.0,2400.0,2900.0,5000.0,5000.0,9018,0,1400,1266.495243791107,13.349990000278922,5022.231752998778,291.5021068973165,2026-08-18 14:48:48,1970.0,33.0,103.0,25.0,334.0
302,1787064493,45,,Aggregated,22.1,0.0,1400.0,1600.0,1700.0,1700.0,1900.0,2100.0,2300.0,2400.0,2900.0,5000.0,5000.0,9043,0,1400,1268.0678843141882,13.349990000278922,5022.231752998778,291.3043237863541,2026-08-18 14:48:49,1970.0,33.0,103.0,25.0,335.0
303,1787064494,45,,Aggregated,22.6,0.0,1400.0,1600.0,1700.0,1700.0,1900.0,2100.0,2300.0,2400.0,2900.0,5000.0,5000.0,9069,0,1400,1269.7646222010371,13.349990000278922,5022.231752998778,291.2444591465432,2026-08-18 14:48:50,1970.0,33.0,103.0,25.0,336.0
304,1787064495,45,,Aggregated,22.8,0.0,1400.0,1600.0,1700.0,1700.0,1900.0,2100.0,2300.0,2400.0,2900.0,5000.0,5000.0,9091,0,1400,1270.995419150171,13.349990000278922,5022.231752998778,291.01121988780113,2026-08-18 14:48:51,1970.0,33.0,103.0,25.0,337.0
305,1787064496,45,,Aggregated,23.4,0.0,1400.0,1600.0,1700.0,1700.0,1900.0,2100.0,2300.0,2400.0,2900.0,5000.0,5000.0,9115,0,1400,1272.5105589159848,13.349990000278922,5022.231752998778,290.9976961053209,2026-08-18 14:48:52,1970.0,33.0,103.0,25.0,338.0
306,1787064497,45,,Aggregated,23.6,0.0,1400.0,1600.0,1700.0,1800.0,1900.0,2100.0,2300.0,2400.0,2900.0,5000.0,5000.0,9141,0,1400,1274.3785259527615,13.349990000278922,5022.231752998778,290.9981402472377,2026-08-18 14:48:53,1967.0,34.0,105.0,25.0,339.0
307,1787064498,45,,Aggregated,23.9,0.0,1400.0,1600.0,1700.0,1800.0,1900.0,2100.0,2300.0,2400.0,2900.0,5000.0,5000.0,9164,0,1400,1275.8788366715617,13.349990000278922,5022.231752998778,290.84351811436056,2026-08-18 14:48:54,1967.0,34.0,105.0,25.0,340.0
308,1787064499,45,,Aggregated,23.7,0.0,1400.0,1600.0,1700.0,1800.0,1900.0,2100.0,2300.0,2400.0,2900.0,5000.0,5000.0,9187,0,1400,1277.4436193396298,13.349990000278922,5022.231752998778,290.7691302928051,2026-08-18 14:48:56,1967.0,34.0,105.0,25.0,342.0
309,1787064500,45,,Aggregated,23.5,0.0,1400.0,1600.0,1700.0,1800.0,1900.0,2100.0,2300.0,2400.0,2900.0,5000.0,5000.0,9208,0,1400,1278.7913462725,13.349990000278922,5022.231752998778,290.7206776715899,2026-08-18 14:48:57,1967.0,34.0,105.0,25.0,343.0
310,1787064501,45,,Aggregated,23.9,0.0,1400.0,1600.0,1700.0,1800.0,1900.0,2100.0,2300.0,2400.0,2900.0,5000.0,5000.0,9231,0,1400,1280.6140406797942,13.349990000278922,5022.231752998778,290.8697865886686,2026-08-18 14:48:58,1967.0,34.0,105.0,25.0,344.0
311,1787064502,45,,Aggregated,23.9,0.0,1400.0,1600.0,1700.0,1800.0,1900.0,2100.0,2300.0,2400.0,2900.0,5000.0,5000.0,9251,0,1400,1282.5368728184178,13.349990000278922,5022.231752998778,291.0578315857745,2026-08-18 14:48:59,1967.0,34.0,105.0,25.0,345.0
312,1787064503,45,,Aggregated,23.8,0.0,1400.0,1600.0,1700.0,1800.0,1900.0,2100.0,2300.0,2400.0,2900.0,5000.0,5000.0,9278,0,1400,1284.6169951002578,13.349990000278922,5022.231752998778,290.8006035783574,2026-08-18 14:49:00,1967.0,34.0,105.0,25.0,346.0
313,1787064504,45,,Aggregated,23.1,0.0,1400.0,1600.0,1700.0,1800.0,1900.0,2100.0,2300.0,2400.0,2900.0,5000.0,5000.0,9295,0,1400,1285.94063851987,13.349990000278922,5022.231752998778,290.9523399677246,2026-08-18 14:49:01,1967.0,34.0,105.0,25.0,347.0
314,1787064505,45,,Aggregated,23.7,0.0,1400.0,1600.0,1700.0,1800.0,1900.0,2100.0,2300.0,2400.0,2900.0,5000.0,5000.0,9319,0,1400,1288.2450066125332,13.349990000278922,5022.231752998778,290.9781092391888,2026-08-18 14:49:02,1967.0,34.0,105.0,25.0,348.0
315,1787064506,45,,Aggregated,23.0,0.0,1400.0,1600.0,1700.0,1800.0,1900.0,2100.0,2300.0,2400.0,2900.0,5000.0,5000.0,9335,0,1400,1289.943810113251,13.349990000278922,5022.231752998778,291.28869844670595,2026-08-18 14:49:03,1967.0,34.0,105.0,25.0,349.0
316,1787064507,45,,Aggregated,22.6,0.0,1400.0,1600.0,1700.0,1800.0,2000.0,2100.0,2300.0,2400.0,2900.0,5000.0,5000.0,9359,0,1400,1292.0103794204715,13.349990000278922,5022.231752998778,291.20098301100546,2026-08-18 14:49:04,1967.0,34.0,105.0,25.0,350.0
317,1787064508,45,,Aggregated,21.7,0.0,1400.0,1600.0,1700.0,1800.0,2000.0,2100.0,2300.0,2400.0,2900.0,5000.0,5000.0,9387,0,1400,1293.8945994511766,13.349990000278922,5022.231752998778,291.1336955363801,2026-08-18 14:49:06,1967.0,34.0,105.0,25.0,352.0
318,1787064509,45,,Aggregated,22.4,0.0,1400.0,1600.0,1700.0,1800.0,2000.0,2100.0,2300.0,2400.0,2900.0,5000.0,5000.0,9406,0,1400,1295.0206232866462,13.349990000278922,5022.231752998778,291.01796725494364,2026-08-18 14:49:07,1967.0,34.0,105.0,25.0,353.0
319,1787064510,45,,Aggregated,22.2,0.0,1400.0,1600.0,1700.0,1800.0,2000.0,2100.0,2300.0,2400.0,2900.0,5000.0,5000.0,9430,0,1400,1296.9014940097777,13.349990000278922,5022.231752998778,291.11601272534466,2026-08-18 14:49:08,1967.0,34.0,105.0,25.0,354.0
320,1787064511,45,,Aggregated,21.8,0.0,1400.0,1600.0,1700.0,1800.0,2000.0,2100.0,2300.0,2400.0,2900.0,5000.0,5000.0,9454,0,1400,1298.6729862053314,13.349990000278922,5022.231752998778,290.9209858261054,2026-08-18 14:49:09,1966.0,33.0,96.0,24.0,355.0
321,1787064512,45,,Aggregated,21.8,0.0,1400.0,1600.0,1700.0,1800.0,2000.0,2100.0,2300.0,2400.0,2900.0,5000.0,5000.0,9476,0,1400,1300.0564061027017,13.349990000278922,5022.231752998778,290.9175812579147,2026-08-18 14:49:10,1966.0,33.0,96.0,24.0,356.0
322,1787064513,45,,Aggregated,22.3,0.0,1400.0,1600.0,1700.0,1800.0,2000.0,2100.0,2300.0,2400.0,2900.0,5000.0,5000.0,9499,0,1400,1301.654247761575,13.349990000278922,5022.231752998778,290.8462996104853,2026-08-18 14:49:11,1966.0,33.0,96.0,24.0,357.0
323,1787064514,45,,Aggregated,22.6,0.0,1400.0,1600.0,1700.0,1800.0,2000.0,2100.0,2300.0,2400.0,2900.0,5000.0,5000.0,9523,0,1400,1303.4332696165284,13.349990000278922,5022.231752998778,290.7579544261262,2026-08-18 14:49:12,1966.0,33.0,96.0,24.0,358.0
324,1787064515,45,,Aggregated,22.0,0.0,1400.0,1600.0,1700.0,1800.0,2000.0,2100.0,2300.0,2400.0,2900.0,5000.0,5000.0,9543,0,1400,1305.001485114451,13.349990000278922,5022.231752998778,290.79545216388976,2026-08-18 14:49:13,1966.0,33.0,96.0,24.0,359.0
325,1787064516,45,,Aggregated,22.3,0.0,1400.0,1600.0,1700.0,1800.0,2000.0,2100.0,2300.0,2400.0,2900.0,5000.0,5000.0,9563,0,1400,1306.5643766856851,13.349990000278922,5022.231752998778,290.8319564990066,2026-08-18 14:49:14,1966.0,33.0,96.0,24.0,360.0
326,1787064517,45,,Aggregated,22.3,0.0,1400.0,1600.0,1700.0,1800.0,2000.0,2100.0,2300.0,2400.0,2900.0,5000.0,5000.0,9589,0,1400,1308.6821924416734,13.349990000278922,5022.231752998778,290.7035144436333,2026-08-18 14:49:16,1966.0,33.0,96.0,24.0,362.0
327,1787064518,45,,Aggregated,23.0,0.0,1400.0,1600.0,1700.0,1800.0,2000.0,2100.0,2300.0,2400.0,2900.0,5000.0,5000.0,9608,0,1400,1310.1861294451712,13.349990000278922,5022.231752998778,290.71960865945044,2026-08-18 14:49:17,1966.0,33.0,96.0,24.0,363.0
328,1787064519,45,,Aggregated,22.8,0.0,1400.0,1600.0,1700.0,1800.0,2000.0,2100.0,2300.0,2400.0,2900.0,5000.0,5000.0,9623,0,1400,1311.5297192069218,13.349990000278922,5022.231752998778,290.8923412657176,2026-08-18 14:49:18,1966.0,33.0,96.0,24.0,364.0
329,1787064520,45,,Aggregated,22.3,0.0,1400.0,1600.0,1700.0,1800.0,2000.0,2200.0,2300.0,2400.0,2900.0,5000.0,5000.0,9648,0,1400,1314.1245126226377,13.349990000278922,5022.231752998778,291.0126451077944,2026-08-18 14:49:19,1966.0,33.0,96.0,24.0,365.0
330,1787064521,45,,Aggregated,21.8,0.0,1400.0,1600.0,1700.0,1800.0,2000.0,2200.0,2300.0,2400.0,2900.0,5000.0,5000.0,9667,0,1400,1315.873039181464,13.349990000278922,5022.231752998778,291.0620668252819,2026-08-18 14:49:20,1966.0,33.0,96.0,24.0,366.0
331,1787064522,45,,Aggregated,21.7,0.0,1400.0,1600.0,1700.0,1800.0,2000.0,2200.0,2300.0,2400.0,2900.0,5000.0,5000.0,9688,0,1400,1317.4874677535315,13.349990000278922,5022.231752998778,291.1565854665566,2026-08-18 14:49:21,1966.0,33.0,96.0,24.0,367.0
332,1787064523,45,,Aggregated,21.2,0.0,1400.0,1600.0,1700.0,1800.0,2000.0,2200.0,2300.0,2400.0,2900.0,5000.0,5000.0,9713,0,1400,1319.4104276707726,13.349990000278922,5022.231752998778,291.1316791928343,2026-08-18 14:49:22,1966.0,33.0,96.0,24.0,368.0
333,1787064524,45,,Aggregated,21.8,0.0,1400.0,1600.0,1700.0,1800.0,2000.0,2200.0,2300.0,2400.0,2900.0,5000.0,5000.0,9733,0,1400,1321.1393063079431,13.349990000278922,5022.231752998778,291.29405116613583,2026-08-18 14:49:23,1759.0,32.0,73.0,24.0,369.0
334,1787064525,45,,Aggregated,21.4,0.0,1400.0,1600.0,1700.0,1800.0,2000.0,2200.0,2300.0,2500.0,2900.0,5000.0,5000.0,9754,0,1400,1322.8304294972545,13.349990000278922,5022.231752998778,291.22893172031985,2026-08-18 14:49:24,1759.0,32.0,73.0,24.0,370.0
335,1787064526,45,,Aggregated,21.3,0.0,1400.0,1600.0,1800.0,1800.0,2000.0,2200.0,2400.0,2500.0,2900.0,5000.0,5000.0,9776,0,1400,1324.5523862201535,13.349990000278922,5022.231752998778,291.1671440261866,2026-08-18 14:49:26,1759.0,32.0,73.0,24.0,372.0
336,1787064527,45,,Aggregated,21.3,0.0,1400.0,1600.0,1800.0,1800.0,2000.0,2200.0,2400.0,2500.0,2900.0,5000.0,5000.0,9798,0,1400,1326.2560635593202,13.349990000278922,5022.231752998778,291.2273933455807,2026-08-18 14:49:27,1759.0,32.0,73.0,24.0,373.0
337,1787064528,45,,Aggregated,21.3,0.0,1400.0,1600.0,1800.0,1800.0,2000.0,2200.0,2400.0,2500.0,2900.0,5000.0,5000.0,9824,0,1400,1328.0296357520583,13.349990000278922,5022.231752998778,291.0485545602606,2026-08-18 14:49:28,1759.0,32.0,73.0,24.0,374.0
338,1787064529,45,,Aggregated,20.8,0.0,1400.0,1600.0,1800.0,1800.0,2000.0,2200.0,2400.0,2500.0,2900.0,5000.0,5000.0,9844,0,1400,1329.3650234464887,13.349990000278922,5022.231752998778,291.0689760260057,2026-08-18 14:49:29,1759.0,32.0,73.0,24.0,375.0
339,1787064530,45,,Aggregated,21.2,0.0,1400.0,1600.0,1800.0,1800.0,2000.0,2200.0,2400.0,2500.0,2900.0,5000.0,5000.0,9867,0,1400,1330.8987842705212,13.349990000278922,5022.231752998778,290.9267254484646,2026-08-18 14:49:30,1759.0,32.0,73.0,24.0,376.0
340,1787064531,45,,Aggregated,21.7,0.0,1400.0,1600.0,1800.0,1800.0,2000.0,2200.0,2400.0,2500.0,2900.0,5000.0,5000.0,9886,0,1400,1332.2184724324527,13.349990000278922,5022.231752998778,290.96034796682176,2026-08-18 14:49:31,1759.0,32.0,73.0,24.0,377.0
341,1787064532,45,,Aggregated,22.1,0.0,1400.0,1600.0,1800.0,1800.0,2000.0,2200.0,2400.0,2500.0,2900.0,5000.0,5000.0,9911,0,1400,1333.9537518222403,13.349990000278922,5022.231752998778,290.7941680960549,2026-08-18 14:49:32,1759.0,32.0,73.0,24.0,378.0
342,1787064533,45,,Aggregated,22.1,0.0,1400.0,1600.0,1800.0,1800.0,2000.0,2200.0,2400.0,2500.0,2900.0,5000.0,5000.0,9932,0,1400,1335.3721632471024,13.349990000278922,5022.231752998778,290.8180628272251,2026-08-18 14:49:33,1759.0,32.0,73.0,24.0,379.0
343,1787064534,45,,Aggregated,21.8,0.0,1400.0,1600.0,1800.0,1800.0,2000.0,2200.0,2400.0,2500.0,2900.0,5000.0,5000.0,9954,0,1400,1337.1924544707877,13.349990000278922,5022.231752998778,290.8675909182238,2026-08-18 14:49:35,1759.0,32.0,73.0,24.0,381.0
344,1787064535,45,,Aggregated,21.9,0.0,1400.0,1600.0,1800.0,1800.0,2000.0,2200.0,2400.0,2500.0,2900.0,5000.0,5000.0,9975,0,1400,1339.0462987356616,13.349990000278922,5022.231752998778,290.874686716792,2026-08-18 14:49:36,1759.0,32.0,73.0,24.0,382.0
