Sample,Timestamp,User Count,Type,Name,Requests/s,Failures/s,50%,66%,75%,80%,90%,95%,98%,99%,99.9%,99.99%,100%,Total Request Count,Total Failure Count,Total Median Response Time,Total Average Response Time,Total Min Response Time,Total Max Response Time,Total Average Content Size,Captured Timestamp,Dana CPU,Dana Memory,Remote CPU,Remote Memory
0,1786643739,0,,Aggregated,0.0,0.0,,,,,,,,,,,,0,0,0,0.0,0.0,0.0,0.0,2026-08-13 17:55:40,0.0,16.0,0.0,13.0
1,1786643740,2,,Aggregated,0.0,0.0,490.0,490.0,490.0,490.0,490.0,490.0,490.0,490.0,490.0,490.0,490.0,2,0,490,488.9830509782769,486.2873109523207,491.67879100423306,830.0,2026-08-13 17:55:41,0.0,16.0,0.0,13.0
2,1786643741,4,,Aggregated,0.0,0.0,780.0,780.0,900.0,900.0,900.0,900.0,900.0,900.0,900.0,900.0,900.0,6,0,490,638.9176685091419,270.1507550664246,903.4677620511502,830.0,2026-08-13 17:55:42,0.0,16.0,0.0,13.0
3,1786643742,6,,Aggregated,0.0,0.0,660.0,780.0,900.0,900.0,900.0,900.0,900.0,900.0,900.0,900.0,900.0,8,0,490,607.6934548764257,270.1507550664246,903.4677620511502,830.0,2026-08-13 17:55:43,0.0,16.0,0.0,13.0
4,1786643743,8,,Aggregated,2.0,0.0,730.0,900.0,900.0,1300.0,1300.0,1300.0,1300.0,1300.0,1300.0,1300.0,1300.0,14,0,660,723.4092658618465,67.93646398000419,1315.5673190485686,771.2142857142857,2026-08-13 17:55:44,0.0,16.0,0.0,13.0
5,1786643744,10,,Aggregated,3.0,0.0,780.0,900.0,1100.0,1300.0,1300.0,2100.0,2100.0,2100.0,2100.0,2100.0,2100.0,18,0,730,830.2995208392126,67.93646398000419,2122.3082200158387,784.2777777777778,2026-08-13 17:55:45,0.0,16.0,0.0,13.0
6,1786643745,10,,Aggregated,3.5,0.0,900.0,1300.0,1300.0,1900.0,2100.0,2100.0,2700.0,2700.0,2700.0,2700.0,2700.0,25,0,900,1049.9477963289246,46.67766997590661,2688.721979036927,763.76,2026-08-13 17:55:46,0.0,16.0,0.0,13.0
7,1786643746,10,,Aggregated,3.5,0.0,900.0,1300.0,1700.0,1900.0,2100.0,2400.0,2700.0,2700.0,2700.0,2700.0,2700.0,28,0,900,1115.1134056147257,46.67766997590661,2688.721979036927,770.8571428571429,2026-08-13 17:55:48,0.0,16.0,0.0,13.0
8,1786643747,10,,Aggregated,3.6,0.0,1100.0,1700.0,1900.0,2100.0,2500.0,2700.0,3100.0,3100.0,3100.0,3100.0,3100.0,35,0,1100,1284.304181832288,46.67766997590661,3121.904014027677,782.6857142857143,2026-08-13 17:55:49,0.0,16.0,0.0,13.0
9,1786643748,10,,Aggregated,3.833333,0.0,1100.0,1700.0,1900.0,2000.0,2500.0,2700.0,3100.0,3100.0,3100.0,3100.0,3100.0,38,0,1100,1261.7965224781074,45.88512901682407,3121.904014027677,764.7631578947369,2026-08-13 17:55:50,0.0,16.0,0.0,13.0
10,1786643749,10,,Aggregated,4.0,0.0,1300.0,1700.0,2000.0,2100.0,2600.0,2700.0,3500.0,3500.0,3500.0,3500.0,3500.0,42,0,1100,1396.1673061435465,45.88512901682407,3514.911441947333,770.9761904761905,2026-08-13 17:55:51,0.0,16.0,0.0,13.0
11,1786643750,15,,Aggregated,4.375,0.0,1300.0,1900.0,2100.0,2400.0,2600.0,3100.0,3200.0,3500.0,3500.0,3500.0,3500.0,52,0,1100,1408.7382524269813,45.88512901682407,3514.911441947333,731.5192307692307,2026-08-13 17:55:52,0.0,16.0,0.0,13.0
12,1786643751,20,,Aggregated,4.222222,0.0,1300.0,1700.0,2000.0,2400.0,2600.0,3100.0,3200.0,3500.0,3500.0,3500.0,3500.0,60,0,1100,1343.0913412671846,45.88512901682407,3514.911441947333,695.2,2026-08-13 17:55:53,0.0,16.0,0.0,13.0
13,1786643752,20,,Aggregated,5.0,0.0,1300.0,1900.0,2100.0,2500.0,2700.0,3100.0,3500.0,3700.0,3700.0,3700.0,3700.0,69,0,1300,1400.6086406837878,45.88512901682407,3664.363429998048,683.8840579710145,2026-08-13 17:55:54,0.0,16.0,9.0,16.0
14,1786643753,20,,Aggregated,5.0,0.0,1300.0,1900.0,2400.0,2500.0,2700.0,3200.0,3500.0,3700.0,3700.0,3700.0,3700.0,75,0,1300,1404.4032302560906,45.88512901682407,3664.363429998048,678.0266666666666,2026-08-13 17:55:55,0.0,16.0,9.0,16.0
15,1786643754,20,,Aggregated,5.8,0.0,1300.0,1900.0,2100.0,2500.0,2700.0,3100.0,3500.0,3700.0,3700.0,3700.0,3700.0,81,0,1300,1386.6597643987286,45.88512901682407,3664.363429998048,664.7283950617284,2026-08-13 17:55:57,0.0,16.0,9.0,16.0
16,1786643755,20,,Aggregated,5.8,0.0,1500.0,1900.0,2500.0,2600.0,3100.0,3500.0,4500.0,5000.0,5000.0,5000.0,5000.0,88,0,1400,1498.5780103663935,45.88512901682407,4955.109118949622,662.9090909090909,2026-08-13 17:55:58,0.0,16.0,9.0,16.0
17,1786643756,20,,Aggregated,6.1,0.0,1300.0,1900.0,2500.0,2600.0,3200.0,4500.0,5000.0,5800.0,5800.0,5800.0,5800.0,100,0,1300,1496.500045802677,45.88512901682407,5799.587227054872,664.91,2026-08-13 17:55:59,0.0,16.0,9.0,16.0
18,1786643757,20,,Aggregated,6.5,0.0,1100.0,1900.0,2500.0,2600.0,3300.0,4500.0,5000.0,5600.0,5800.0,5800.0,5800.0,121,0,1100,1484.107664392776,45.88512901682407,5799.587227054872,668.9338842975206,2026-08-13 17:56:00,0.0,16.0,9.0,16.0
19,1786643758,20,,Aggregated,7.1,0.0,900.0,1900.0,2500.0,2700.0,3400.0,4600.0,5600.0,5800.0,7000.0,7000.0,7000.0,139,0,900,1477.738224054526,45.88512901682407,7033.712210948579,692.8992805755396,2026-08-13 17:56:01,0.0,16.0,9.0,16.0
20,1786643759,20,,Aggregated,8.4,0.0,530.0,1700.0,2300.0,2600.0,3200.0,4500.0,5000.0,5800.0,7000.0,7000.0,7000.0,164,0,520,1296.9983829988917,45.88512901682407,7033.712210948579,691.829268292683,2026-08-13 17:56:02,0.0,16.0,9.0,16.0
21,1786643760,21,,Aggregated,9.8,0.0,450.0,1300.0,1900.0,2500.0,3200.0,4500.0,5000.0,5800.0,7000.0,7000.0,7000.0,187,0,450,1161.5485591673228,45.88512901682407,7033.712210948579,642.4866310160428,2026-08-13 17:56:03,0.0,16.0,9.0,16.0
22,1786643761,22,,Aggregated,12.1,0.0,300.0,900.0,1700.0,2100.0,3100.0,3700.0,4700.0,5600.0,7000.0,7000.0,7000.0,209,0,300,1050.210193427877,45.88512901682407,7033.712210948579,602.7320574162679,2026-08-13 17:56:05,0.0,16.0,9.0,16.0
23,1786643762,23,,Aggregated,13.4,0.0,250.0,660.0,1700.0,1900.0,3000.0,3500.0,4700.0,5600.0,7000.0,7000.0,7000.0,231,0,250,961.5107918807278,45.88512901682407,7033.712210948579,575.8225108225108,2026-08-13 17:56:06,0.0,16.0,9.0,16.0
24,1786643763,24,,Aggregated,14.8,0.0,230.0,490.0,1300.0,1900.0,2800.0,3400.0,4600.0,5600.0,7000.0,7000.0,7000.0,255,0,230,883.9445449087732,45.88512901682407,7033.712210948579,544.9803921568628,2026-08-13 17:56:07,0.0,16.0,9.0,16.0
25,1786643764,25,,Aggregated,16.4,0.0,180.0,430.0,900.0,1700.0,2600.0,3300.0,4600.0,5600.0,7000.0,7000.0,7000.0,282,0,180,809.2785535771598,45.88512901682407,7033.712210948579,518.8652482269504,2026-08-13 17:56:08,0.0,16.0,9.0,16.0
26,1786643765,26,,Aggregated,17.9,0.0,180.0,350.0,720.0,1400.0,2600.0,3300.0,4600.0,5000.0,7000.0,7000.0,7000.0,308,0,180,757.8645828270728,45.88512901682407,7033.712210948579,507.40584415584414,2026-08-13 17:56:09,268.0,23.0,57.0,19.0
27,1786643766,27,,Aggregated,20.0,0.0,180.0,310.0,550.0,1100.0,2500.0,3200.0,4600.0,5000.0,7000.0,7000.0,7000.0,335,0,180,715.6199982167402,45.88512901682407,7033.712210948579,492.1940298507463,2026-08-13 17:56:10,268.0,23.0,57.0,19.0
28,1786643767,28,,Aggregated,21.8,0.0,190.0,300.0,520.0,900.0,2500.0,3200.0,4500.0,5000.0,7000.0,7000.0,7000.0,363,0,190,680.5356702999502,45.88512901682407,7033.712210948579,480.129476584022,2026-08-13 17:56:11,268.0,23.0,57.0,19.0
29,1786643768,29,,Aggregated,23.3,0.0,180.0,280.0,490.0,660.0,2400.0,3200.0,4500.0,5000.0,7000.0,7000.0,7000.0,392,0,180,644.4617152874529,45.88512901682407,7033.712210948579,463.7525510204082,2026-08-13 17:56:12,268.0,23.0,57.0,19.0
30,1786643769,30,,Aggregated,24.2,0.0,180.0,280.0,480.0,560.0,2100.0,3100.0,4500.0,4700.0,7000.0,7000.0,7000.0,422,0,170,609.5407213334335,45.88512901682407,7033.712210948579,445.7061611374408,2026-08-13 17:56:14,268.0,23.0,57.0,19.0
31,1786643770,31,,Aggregated,25.4,0.0,180.0,280.0,470.0,550.0,2000.0,3100.0,4500.0,4700.0,7000.0,7000.0,7000.0,452,0,180,587.4217226480616,45.88512901682407,7033.712210948579,434.59513274336285,2026-08-13 17:56:15,268.0,23.0,57.0,19.0
32,1786643771,32,,Aggregated,25.7,0.0,180.0,270.0,400.0,500.0,1900.0,2900.0,4500.0,4700.0,7000.0,7000.0,7000.0,485,0,180,558.5895398168431,45.88512901682407,7033.712210948579,420.4948453608248,2026-08-13 17:56:16,268.0,23.0,57.0,19.0
33,1786643772,33,,Aggregated,26.4,0.0,180.0,270.0,390.0,500.0,1800.0,2800.0,3700.0,4600.0,7000.0,7000.0,7000.0,514,0,180,542.877083408043,45.88512901682407,7033.712210948579,413.1420233463035,2026-08-13 17:56:17,268.0,23.0,57.0,19.0
34,1786643773,34,,Aggregated,27.5,0.0,190.0,280.0,440.0,540.0,1700.0,2700.0,3700.0,4600.0,7000.0,7000.0,7000.0,545,0,190,543.9803492585453,45.88512901682407,7033.712210948579,406.95412844036696,2026-08-13 17:56:18,268.0,23.0,57.0,19.0
35,1786643774,35,,Aggregated,28.1,0.0,210.0,310.0,480.0,550.0,1500.0,2600.0,3500.0,4600.0,7000.0,7000.0,7000.0,586,0,210,535.1916935291688,45.88512901682407,7033.712210948579,400.7866894197952,2026-08-13 17:56:19,268.0,23.0,57.0,19.0
36,1786643775,36,,Aggregated,28.2,0.0,210.0,300.0,450.0,530.0,1400.0,2600.0,3400.0,4600.0,7000.0,7000.0,7000.0,621,0,210,520.3857384818934,45.88512901682407,7033.712210948579,396.0821256038647,2026-08-13 17:56:20,268.0,23.0,57.0,19.0
37,1786643776,37,,Aggregated,30.3,0.0,210.0,300.0,440.0,530.0,1300.0,2600.0,3400.0,4600.0,7000.0,7000.0,7000.0,658,0,210,506.2572920051301,45.88512901682407,7033.712210948579,387.5744680851064,2026-08-13 17:56:21,268.0,23.0,57.0,19.0
38,1786643777,38,,Aggregated,31.2,0.0,220.0,320.0,460.0,540.0,1100.0,2500.0,3400.0,4600.0,7000.0,7000.0,7000.0,690,0,220,504.0474768252233,45.88512901682407,7033.712210948579,381.53333333333336,2026-08-13 17:56:23,268.0,23.0,57.0,19.0
39,1786643778,39,,Aggregated,32.4,0.0,220.0,340.0,490.0,560.0,1000.0,2500.0,3300.0,4500.0,7000.0,7000.0,7000.0,718,0,220,504.7328742162628,45.88512901682407,7033.712210948579,377.857938718663,2026-08-13 17:56:24,788.0,27.0,168.0,20.0
40,1786643779,40,,Aggregated,32.3,0.0,240.0,370.0,510.0,580.0,1100.0,2500.0,3300.0,4500.0,7000.0,7000.0,7000.0,758,0,240,515.9802009185069,45.88512901682407,7033.712210948579,376.8944591029024,2026-08-13 17:56:25,788.0,27.0,168.0,20.0
41,1786643780,41,,Aggregated,32.3,0.0,250.0,430.0,550.0,630.0,1200.0,2400.0,3300.0,4500.0,7000.0,7000.0,7000.0,799,0,250,527.4709221602153,45.88512901682407,7033.712210948579,373.0150187734668,2026-08-13 17:56:26,788.0,27.0,168.0,20.0
42,1786643781,42,,Aggregated,33.4,0.0,270.0,450.0,550.0,620.0,1100.0,2100.0,3200.0,4500.0,7000.0,7000.0,7000.0,848,0,270,526.8459198078007,45.88512901682407,7033.712210948579,365.1438679245283,2026-08-13 17:56:27,788.0,27.0,168.0,20.0
43,1786643782,43,,Aggregated,34.4,0.0,290.0,460.0,550.0,640.0,1000.0,2000.0,3200.0,4500.0,7000.0,7000.0,7000.0,892,0,290,526.714145182162,45.88512901682407,7033.712210948579,361.3957399103139,2026-08-13 17:56:28,788.0,27.0,168.0,20.0
44,1786643783,44,,Aggregated,36.2,0.0,300.0,460.0,550.0,620.0,1000.0,1900.0,3200.0,4500.0,7000.0,7000.0,7000.0,927,0,300,522.5030624014079,45.88512901682407,7033.712210948579,355.64401294498384,2026-08-13 17:56:29,788.0,27.0,168.0,20.0
45,1786643784,45,,Aggregated,37.1,0.0,320.0,460.0,550.0,630.0,1000.0,1900.0,3200.0,4500.0,7000.0,7000.0,7000.0,986,0,320,523.9795879678117,45.88512901682407,7033.712210948579,351.0709939148073,2026-08-13 17:56:30,788.0,27.0,168.0,20.0
46,1786643785,46,,Aggregated,38.7,0.0,330.0,470.0,550.0,640.0,1000.0,1900.0,3100.0,3700.0,5800.0,7000.0,7000.0,1015,0,330,522.431189179526,45.88512901682407,7033.712210948579,347.1034482758621,2026-08-13 17:56:32,788.0,27.0,168.0,20.0
47,1786643786,47,,Aggregated,39.2,0.0,350.0,490.0,580.0,670.0,1000.0,1700.0,3100.0,3700.0,5800.0,7000.0,7000.0,1067,0,350,532.5280142848309,45.88512901682407,7033.712210948579,345.6119962511715,2026-08-13 17:56:33,788.0,27.0,168.0,20.0
48,1786643787,48,,Aggregated,39.1,0.0,370.0,500.0,590.0,670.0,1000.0,1700.0,3100.0,3500.0,5800.0,7000.0,7000.0,1109,0,370,535.66995579531,45.88512901682407,7033.712210948579,340.2010820559062,2026-08-13 17:56:34,788.0,27.0,168.0,20.0
49,1786643788,49,,Aggregated,39.8,0.0,370.0,520.0,620.0,700.0,1000.0,1700.0,3100.0,3500.0,5800.0,7000.0,7000.0,1145,0,370,545.1405623403081,45.88512901682407,7033.712210948579,339.66812227074234,2026-08-13 17:56:35,788.0,27.0,168.0,20.0
50,1786643789,50,,Aggregated,41.4,0.0,390.0,550.0,650.0,760.0,1100.0,1700.0,3000.0,3500.0,5800.0,7000.0,7000.0,1180,0,390,561.0468938951657,45.88512901682407,7033.712210948579,339.32457627118646,2026-08-13 17:56:36,788.0,27.0,168.0,20.0
51,1786643790,50,,Aggregated,42.7,0.0,410.0,570.0,700.0,820.0,1100.0,1600.0,2900.0,3400.0,5800.0,7000.0,7000.0,1218,0,410,580.7835977157113,45.88512901682407,7033.712210948579,337.8316912972085,2026-08-13 17:56:37,788.0,27.0,168.0,20.0
52,1786643791,50,,Aggregated,42.0,0.0,430.0,590.0,760.0,920.0,1200.0,1700.0,2800.0,3400.0,5800.0,7000.0,7000.0,1260,0,430,602.9524295697994,45.88512901682407,7033.712210948579,335.5126984126984,2026-08-13 17:56:38,788.0,27.0,168.0,20.0
53,1786643792,50,,Aggregated,41.8,0.0,440.0,620.0,820.0,980.0,1300.0,1700.0,2800.0,3400.0,5800.0,7000.0,7000.0,1297,0,440,623.9064242662977,45.88512901682407,7033.712210948579,334.97609868928294,2026-08-13 17:56:39,1000.0,30.0,197.0,21.0
54,1786643793,50,,Aggregated,40.8,0.0,460.0,650.0,900.0,1000.0,1300.0,1700.0,2700.0,3400.0,5800.0,7000.0,7000.0,1332,0,460,639.1417630121333,45.88512901682407,7033.712210948579,332.37537537537537,2026-08-13 17:56:41,1000.0,30.0,197.0,21.0
55,1786643794,50,,Aggregated,40.4,0.0,470.0,680.0,940.0,1100.0,1400.0,1800.0,2700.0,3400.0,5800.0,7000.0,7000.0,1365,0,470,662.4740517147281,45.88512901682407,7033.712210948579,334.01758241758245,2026-08-13 17:56:42,1000.0,30.0,197.0,21.0
56,1786643795,50,,Aggregated,40.5,0.0,470.0,710.0,980.0,1100.0,1400.0,1800.0,2700.0,3400.0,5800.0,7000.0,7000.0,1395,0,470,680.3461364450394,45.88512901682407,7033.712210948579,333.48172043010754,2026-08-13 17:56:43,1000.0,30.0,197.0,21.0
57,1786643796,50,,Aggregated,38.4,0.0,490.0,780.0,1000.0,1100.0,1500.0,1900.0,2600.0,3300.0,5800.0,7000.0,7000.0,1442,0,490,705.8943522857999,45.88512901682407,7033.712210948579,333.2274618585298,2026-08-13 17:56:44,1000.0,30.0,197.0,21.0
58,1786643797,50,,Aggregated,38.1,0.0,510.0,820.0,1000.0,1100.0,1500.0,1900.0,2600.0,3300.0,5800.0,7000.0,7000.0,1477,0,510,713.7169437157431,45.88512901682407,7033.712210948579,330.4272173324306,2026-08-13 17:56:45,1000.0,30.0,197.0,21.0
59,1786643798,50,,Aggregated,38.0,0.0,530.0,900.0,1100.0,1200.0,1500.0,1900.0,2600.0,3300.0,5800.0,7000.0,7000.0,1524,0,530,727.8759613900667,45.88512901682407,7033.712210948579,328.1673228346457,2026-08-13 17:56:46,1000.0,30.0,197.0,21.0
60,1786643799,50,,Aggregated,37.7,0.0,550.0,930.0,1100.0,1200.0,1500.0,1900.0,2600.0,3300.0,5800.0,7000.0,7000.0,1561,0,550,741.0976490764899,45.88512901682407,7033.712210948579,327.86995515695065,2026-08-13 17:56:47,1000.0,30.0,197.0,21.0
61,1786643800,50,,Aggregated,37.8,0.0,570.0,950.0,1100.0,1200.0,1500.0,1900.0,2600.0,3200.0,5800.0,7000.0,7000.0,1602,0,570,752.0419800233738,45.88512901682407,7033.712210948579,325.354556803995,2026-08-13 17:56:48,1000.0,30.0,197.0,21.0
62,1786643801,50,,Aggregated,38.2,0.0,580.0,980.0,1100.0,1200.0,1500.0,1900.0,2600.0,3200.0,5800.0,7000.0,7000.0,1630,0,580,763.7385720282828,45.88512901682407,7033.712210948579,326.080981595092,2026-08-13 17:56:50,1000.0,30.0,197.0,21.0
63,1786643802,50,,Aggregated,38.6,0.0,590.0,1000.0,1100.0,1200.0,1500.0,1900.0,2600.0,3200.0,5800.0,7000.0,7000.0,1667,0,590,781.6501545116287,45.88512901682407,7033.712210948579,326.32093581283743,2026-08-13 17:56:51,1000.0,30.0,197.0,21.0
64,1786643803,50,,Aggregated,37.1,0.0,610.0,1000.0,1200.0,1200.0,1600.0,1900.0,2500.0,3200.0,5800.0,7000.0,7000.0,1701,0,610,793.0058418412576,45.88512901682407,7033.712210948579,325.64785420340974,2026-08-13 17:56:52,1000.0,30.0,197.0,21.0
65,1786643804,50,,Aggregated,37.6,0.0,630.0,1000.0,1200.0,1300.0,1600.0,1900.0,2500.0,3200.0,5800.0,7000.0,7000.0,1730,0,630,806.7523598578097,45.88512901682407,7033.712210948579,326.62890173410403,2026-08-13 17:56:53,1000.0,30.0,197.0,21.0
66,1786643805,50,,Aggregated,36.6,0.0,650.0,1100.0,1200.0,1300.0,1600.0,2000.0,2500.0,3200.0,5800.0,7000.0,7000.0,1770,0,650,824.2499171330667,45.88512901682407,7033.712210948579,326.609604519774,2026-08-13 17:56:54,1000.0,30.0,181.0,21.0
67,1786643806,50,,Aggregated,36.6,0.0,680.0,1100.0,1200.0,1300.0,1600.0,2000.0,2500.0,3200.0,5800.0,7000.0,7000.0,1811,0,680,831.7093974577051,45.88512901682407,7033.712210948579,324.3765875207068,2026-08-13 17:56:55,1000.0,30.0,181.0,21.0
68,1786643807,50,,Aggregated,37.4,0.0,710.0,1100.0,1200.0,1300.0,1600.0,2000.0,2500.0,3200.0,5800.0,7000.0,7000.0,1837,0,710,839.0059866453863,45.88512901682407,7033.712210948579,324.81927054980946,2026-08-13 17:56:56,1000.0,30.0,181.0,21.0
69,1786643808,50,,Aggregated,37.3,0.0,740.0,1100.0,1200.0,1300.0,1600.0,2000.0,2500.0,3200.0,5800.0,7000.0,7000.0,1872,0,740,853.7763960627291,45.88512901682407,7033.712210948579,325.2355769230769,2026-08-13 17:56:57,1000.0,30.0,181.0,21.0
70,1786643809,50,,Aggregated,35.9,0.0,780.0,1100.0,1200.0,1400.0,1600.0,2000.0,2500.0,3200.0,5800.0,7000.0,7000.0,1905,0,780,865.9983355003187,45.88512901682407,7033.712210948579,324.6215223097113,2026-08-13 17:56:58,1000.0,30.0,181.0,21.0
71,1786643810,50,,Aggregated,35.0,0.0,810.0,1100.0,1300.0,1400.0,1700.0,2000.0,2500.0,3200.0,5800.0,7000.0,7000.0,1942,0,810,876.0734106529476,45.88512901682407,7033.712210948579,324.15911431513905,2026-08-13 17:57:00,1000.0,30.0,181.0,21.0
72,1786643811,50,,Aggregated,34.1,0.0,840.0,1100.0,1300.0,1400.0,1700.0,2000.0,2500.0,3200.0,5800.0,7000.0,7000.0,1966,0,840,884.165431316923,45.88512901682407,7033.712210948579,325.1083418107833,2026-08-13 17:57:01,1000.0,30.0,181.0,21.0
73,1786643812,50,,Aggregated,33.7,0.0,880.0,1100.0,1300.0,1400.0,1700.0,2100.0,2500.0,3200.0,5800.0,7000.0,7000.0,2000,0,880,897.6185370494495,45.88512901682407,7033.712210948579,325.256,2026-08-13 17:57:02,1000.0,30.0,181.0,21.0
74,1786643813,50,,Aggregated,33.8,0.0,900.0,1200.0,1300.0,1400.0,1700.0,2100.0,2500.0,3100.0,5600.0,7000.0,7000.0,2026,0,900,909.5324567750235,45.88512901682407,7033.712210948579,326.00592300098714,2026-08-13 17:57:03,1000.0,30.0,181.0,21.0
75,1786643814,50,,Aggregated,33.4,0.0,920.0,1200.0,1300.0,1400.0,1700.0,2100.0,2500.0,3100.0,5600.0,7000.0,7000.0,2066,0,920,924.9724289095832,45.88512901682407,7033.712210948579,326.5880929332043,2026-08-13 17:57:04,1000.0,30.0,181.0,21.0
76,1786643815,50,,Aggregated,32.6,0.0,940.0,1200.0,1300.0,1400.0,1800.0,2100.0,2500.0,3100.0,5600.0,7000.0,7000.0,2100,0,940,932.1879552448324,45.88512901682407,7033.712210948579,326.6895238095238,2026-08-13 17:57:05,1000.0,30.0,181.0,21.0
77,1786643816,50,,Aggregated,32.7,0.0,960.0,1200.0,1300.0,1400.0,1800.0,2100.0,2500.0,3100.0,5600.0,7000.0,7000.0,2139,0,960,937.7456530236324,45.88512901682407,7033.712210948579,325.4450677886863,2026-08-13 17:57:06,1000.0,30.0,181.0,21.0
78,1786643817,50,,Aggregated,32.5,0.0,970.0,1200.0,1300.0,1400.0,1800.0,2100.0,2500.0,3100.0,5600.0,7000.0,7000.0,2165,0,970,943.3203497050894,45.88512901682407,7033.712210948579,325.4715935334873,2026-08-13 17:57:07,1000.0,30.0,181.0,21.0
79,1786643818,50,,Aggregated,32.6,0.0,990.0,1200.0,1400.0,1500.0,1800.0,2100.0,2500.0,3100.0,5600.0,7000.0,7000.0,2205,0,990,954.7635508752418,45.88512901682407,7033.712210948579,325.16462585034014,2026-08-13 17:57:09,1000.0,32.0,164.0,19.0
80,1786643819,50,,Aggregated,32.4,0.0,1000.0,1200.0,1400.0,1500.0,1800.0,2100.0,2500.0,3100.0,5600.0,7000.0,7000.0,2245,0,1000,962.253238020137,45.88512901682407,7033.712210948579,324.9523385300668,2026-08-13 17:57:10,1000.0,32.0,164.0,19.0
81,1786643820,50,,Aggregated,32.8,0.0,1000.0,1200.0,1400.0,1500.0,1800.0,2100.0,2500.0,3100.0,5600.0,7000.0,7000.0,2285,0,1000,966.544183752147,45.88512901682407,7033.712210948579,323.99343544857766,2026-08-13 17:57:11,1000.0,32.0,164.0,19.0
82,1786643821,50,,Aggregated,33.7,0.0,1000.0,1200.0,1400.0,1500.0,1800.0,2100.0,2500.0,3000.0,5600.0,7000.0,7000.0,2320,0,1000,972.01840847837,45.88512901682407,7033.712210948579,323.3875,2026-08-13 17:57:12,1000.0,32.0,164.0,19.0
83,1786643822,50,,Aggregated,34.2,0.0,1000.0,1200.0,1400.0,1500.0,1800.0,2100.0,2500.0,3000.0,5600.0,7000.0,7000.0,2341,0,1000,977.133999416837,45.88512901682407,7033.712210948579,322.8966253737719,2026-08-13 17:57:13,1000.0,32.0,164.0,19.0
84,1786643823,50,,Aggregated,35.0,0.0,1000.0,1200.0,1400.0,1500.0,1800.0,2100.0,2500.0,3000.0,5600.0,7000.0,7000.0,2378,0,1000,988.9969623696488,45.88512901682407,7033.712210948579,322.8536585365854,2026-08-13 17:57:14,1000.0,32.0,164.0,19.0
85,1786643824,50,,Aggregated,34.1,0.0,1000.0,1200.0,1400.0,1500.0,1800.0,2100.0,2500.0,2900.0,5600.0,7000.0,7000.0,2424,0,1000,993.2617388630424,45.88512901682407,7033.712210948579,322.14521452145215,2026-08-13 17:57:15,1000.0,32.0,164.0,19.0
86,1786643825,50,,Aggregated,34.2,0.0,1000.0,1200.0,1400.0,1500.0,1800.0,2100.0,2500.0,2900.0,5600.0,7000.0,7000.0,2463,0,1000,995.8950960953368,45.88512901682407,7033.712210948579,321.9183922046285,2026-08-13 17:57:16,1000.0,32.0,164.0,19.0
87,1786643826,50,,Aggregated,36.2,0.0,1100.0,1200.0,1400.0,1500.0,1800.0,2100.0,2500.0,2900.0,5600.0,7000.0,7000.0,2490,0,1100,1000.1260594251644,45.88512901682407,7033.712210948579,321.9542168674699,2026-08-13 17:57:17,1000.0,32.0,164.0,19.0
88,1786643827,50,,Aggregated,36.5,0.0,1100.0,1200.0,1400.0,1500.0,1800.0,2100.0,2500.0,2800.0,5600.0,7000.0,7000.0,2517,0,1100,1007.096133886603,45.88512901682407,7033.712210948579,321.91617004370283,2026-08-13 17:57:19,1000.0,32.0,164.0,19.0
89,1786643828,50,,Aggregated,35.3,0.0,1100.0,1300.0,1400.0,1500.0,1800.0,2100.0,2500.0,2800.0,5600.0,7000.0,7000.0,2566,0,1100,1016.2703440346248,45.88512901682407,7033.712210948579,321.7186282151208,2026-08-13 17:57:20,1000.0,32.0,164.0,19.0
90,1786643829,50,,Aggregated,35.2,0.0,1100.0,1200.0,1400.0,1500.0,1800.0,2100.0,2500.0,2700.0,5600.0,7000.0,7000.0,2607,0,1100,1017.5580650681076,45.88512901682407,7033.712210948579,320.3939393939394,2026-08-13 17:57:21,1000.0,32.0,164.0,19.0
91,1786643830,50,,Aggregated,36.0,0.0,1100.0,1200.0,1400.0,1500.0,1800.0,2100.0,2500.0,2700.0,5600.0,7000.0,7000.0,2652,0,1100,1020.5173574877568,45.88512901682407,7033.712210948579,319.4106334841629,2026-08-13 17:57:22,1000.0,32.0,164.0,19.0
92,1786643831,50,,Aggregated,36.3,0.0,1100.0,1200.0,1400.0,1500.0,1800.0,2100.0,2500.0,2700.0,5600.0,7000.0,7000.0,2689,0,1100,1022.8032331173224,45.88512901682407,7033.712210948579,318.6429899590926,2026-08-13 17:57:23,1000.0,32.0,164.0,19.0
93,1786643832,50,,Aggregated,36.0,0.0,1100.0,1200.0,1400.0,1500.0,1800.0,2100.0,2500.0,2700.0,5600.0,7000.0,7000.0,2723,0,1100,1027.537117454487,45.88512901682407,7033.712210948579,318.49834741094384,2026-08-13 17:57:24,1000.0,34.0,158.0,21.0
94,1786643833,50,,Aggregated,36.9,0.0,1100.0,1300.0,1400.0,1500.0,1800.0,2100.0,2500.0,2700.0,5600.0,7000.0,7000.0,2763,0,1100,1031.7646867816477,45.88512901682407,7033.712210948579,317.3651827723489,2026-08-13 17:57:25,1000.0,34.0,158.0,21.0
95,1786643834,50,,Aggregated,37.7,0.0,1100.0,1300.0,1400.0,1500.0,1800.0,2100.0,2500.0,2700.0,5600.0,7000.0,7000.0,2800,0,1100,1034.4701078713322,45.88512901682407,7033.712210948579,316.6675,2026-08-13 17:57:26,1000.0,34.0,158.0,21.0
96,1786643835,50,,Aggregated,39.1,0.0,1100.0,1300.0,1400.0,1500.0,1800.0,2100.0,2400.0,2700.0,5600.0,7000.0,7000.0,2827,0,1100,1038.723369440445,45.88512901682407,7033.712210948579,316.5111425539441,2026-08-13 17:57:28,1000.0,34.0,158.0,21.0
97,1786643836,50,,Aggregated,38.0,0.0,1100.0,1300.0,1400.0,1500.0,1800.0,2100.0,2400.0,2700.0,5600.0,7000.0,7000.0,2859,0,1100,1045.9438749575506,45.88512901682407,7033.712210948579,317.0020986358867,2026-08-13 17:57:29,1000.0,34.0,158.0,21.0
98,1786643837,50,,Aggregated,36.8,0.0,1100.0,1300.0,1400.0,1500.0,1800.0,2100.0,2400.0,2700.0,5600.0,7000.0,7000.0,2899,0,1100,1051.2290373077924,45.88512901682407,7033.712210948579,316.89479130734736,2026-08-13 17:57:30,1000.0,34.0,158.0,21.0
99,1786643838,50,,Aggregated,36.6,0.0,1100.0,1300.0,1400.0,1500.0,1800.0,2100.0,2400.0,2700.0,5600.0,7000.0,7000.0,2931,0,1100,1055.4422954959205,45.88512901682407,7033.712210948579,316.6363016035483,2026-08-13 17:57:31,1000.0,34.0,158.0,21.0
100,1786643839,50,,Aggregated,38.3,0.0,1100.0,1300.0,1400.0,1500.0,1800.0,2100.0,2400.0,2700.0,5600.0,7000.0,7000.0,2973,0,1100,1060.7330943421755,45.88512901682407,7033.712210948579,316.6686848301379,2026-08-13 17:57:32,1000.0,34.0,158.0,21.0
101,1786643840,50,,Aggregated,36.9,0.0,1100.0,1300.0,1400.0,1500.0,1800.0,2100.0,2400.0,2600.0,5000.0,7000.0,7000.0,3012,0,1100,1063.4248561871218,45.88512901682407,7033.712210948579,315.68459495351925,2026-08-13 17:57:33,1000.0,34.0,158.0,21.0
102,1786643841,50,,Aggregated,36.4,0.0,1100.0,1300.0,1400.0,1500.0,1800.0,2100.0,2400.0,2600.0,5000.0,7000.0,7000.0,3038,0,1100,1065.5348639413494,45.88512901682407,7033.712210948579,315.1161948650428,2026-08-13 17:57:34,1000.0,34.0,158.0,21.0
103,1786643842,50,,Aggregated,36.5,0.0,1100.0,1300.0,1400.0,1500.0,1800.0,2100.0,2400.0,2600.0,5000.0,7000.0,7000.0,3075,0,1100,1072.8912796695697,45.88512901682407,7033.712210948579,315.77886178861786,2026-08-13 17:57:35,1000.0,34.0,158.0,21.0
104,1786643843,50,,Aggregated,35.1,0.0,1100.0,1300.0,1400.0,1500.0,1800.0,2100.0,2400.0,2600.0,5000.0,7000.0,7000.0,3118,0,1100,1075.641940145225,45.88512901682407,7033.712210948579,314.60070558050035,2026-08-13 17:57:37,1000.0,34.0,158.0,21.0
105,1786643844,50,,Aggregated,34.7,0.0,1100.0,1300.0,1400.0,1500.0,1800.0,2100.0,2400.0,2600.0,5000.0,7000.0,7000.0,3150,0,1100,1077.4929148978035,45.88512901682407,7033.712210948579,314.1726984126984,2026-08-13 17:57:38,1000.0,34.0,158.0,21.0
106,1786643845,50,,Aggregated,35.7,0.0,1100.0,1300.0,1400.0,1500.0,1800.0,2100.0,2400.0,2600.0,5000.0,7000.0,7000.0,3187,0,1100,1082.262314090166,45.88512901682407,7033.712210948579,314.02384687794165,2026-08-13 17:57:39,1000.0,34.0,157.0,21.0
107,1786643846,50,,Aggregated,34.9,0.0,1100.0,1300.0,1400.0,1500.0,1800.0,2100.0,2400.0,2600.0,5000.0,7000.0,7000.0,3227,0,1100,1085.3550987066928,45.88512901682407,7033.712210948579,313.46358847226526,2026-08-13 17:57:40,1000.0,34.0,157.0,21.0
108,1786643847,50,,Aggregated,35.5,0.0,1100.0,1300.0,1400.0,1500.0,1800.0,2100.0,2400.0,2600.0,5000.0,7000.0,7000.0,3261,0,1100,1088.638569539006,45.88512901682407,7033.712210948579,313.5605642440969,2026-08-13 17:57:41,1000.0,34.0,157.0,21.0
109,1786643848,50,,Aggregated,36.6,0.0,1200.0,1300.0,1400.0,1500.0,1800.0,2100.0,2400.0,2600.0,5000.0,7000.0,7000.0,3296,0,1200,1091.9286037007746,45.88512901682407,7033.712210948579,313.25030339805824,2026-08-13 17:57:42,1000.0,34.0,157.0,21.0
110,1786643849,50,,Aggregated,35.9,0.0,1200.0,1300.0,1400.0,1500.0,1800.0,2100.0,2400.0,2600.0,5000.0,7000.0,7000.0,3327,0,1200,1094.9541716929818,45.88512901682407,7033.712210948579,312.4385332131049,2026-08-13 17:57:43,1000.0,34.0,157.0,21.0
111,1786643850,50,,Aggregated,36.2,0.0,1200.0,1300.0,1400.0,1500.0,1800.0,2100.0,2400.0,2600.0,5000.0,7000.0,7000.0,3371,0,1200,1099.522657478492,45.88512901682407,7033.712210948579,312.33076238504896,2026-08-13 17:57:44,1000.0,34.0,157.0,21.0
112,1786643851,50,,Aggregated,36.1,0.0,1200.0,1300.0,1400.0,1500.0,1800.0,2100.0,2400.0,2600.0,5000.0,7000.0,7000.0,3403,0,1200,1100.7364660103551,45.88512901682407,7033.712210948579,311.79341757272994,2026-08-13 17:57:46,1000.0,34.0,157.0,21.0
113,1786643852,50,,Aggregated,35.7,0.0,1200.0,1300.0,1400.0,1500.0,1800.0,2100.0,2400.0,2600.0,5000.0,7000.0,7000.0,3436,0,1200,1104.7374398083148,45.88512901682407,7033.712210948579,311.85768335273576,2026-08-13 17:57:47,1000.0,34.0,157.0,21.0
114,1786643853,50,,Aggregated,36.3,0.0,1200.0,1300.0,1400.0,1500.0,1800.0,2100.0,2400.0,2600.0,5000.0,7000.0,7000.0,3465,0,1200,1108.7898370315634,45.88512901682407,7033.712210948579,311.8308802308802,2026-08-13 17:57:48,1000.0,34.0,157.0,21.0
115,1786643854,50,,Aggregated,36.7,0.0,1200.0,1300.0,1400.0,1500.0,1800.0,2100.0,2400.0,2600.0,5000.0,7000.0,7000.0,3498,0,1200,1114.9088205999494,45.88512901682407,7033.712210948579,312.67124070897654,2026-08-13 17:57:49,1000.0,34.0,157.0,21.0
116,1786643855,50,,Aggregated,34.6,0.0,1200.0,1300.0,1400.0,1500.0,1800.0,2100.0,2400.0,2600.0,5000.0,7000.0,7000.0,3542,0,1200,1116.9519040871355,45.88512901682407,7033.712210948579,311.3382269904009,2026-08-13 17:57:50,1000.0,34.0,157.0,21.0
117,1786643856,50,,Aggregated,34.3,0.0,1200.0,1300.0,1400.0,1500.0,1800.0,2100.0,2400.0,2600.0,5000.0,7000.0,7000.0,3567,0,1200,1118.2253486454972,45.88512901682407,7033.712210948579,311.11914774320155,2026-08-13 17:57:51,1000.0,34.0,157.0,21.0
118,1786643857,50,,Aggregated,35.3,0.0,1200.0,1300.0,1400.0,1500.0,1800.0,2100.0,2300.0,2600.0,5000.0,7000.0,7000.0,3601,0,1200,1122.4595330117563,45.88512901682407,7033.712210948579,311.08747570119414,2026-08-13 17:57:52,1000.0,34.0,157.0,21.0
119,1786643858,50,,Aggregated,34.2,0.0,1200.0,1300.0,1500.0,1500.0,1800.0,2100.0,2400.0,2600.0,5000.0,7000.0,7000.0,3634,0,1200,1127.391730382271,45.88512901682407,7033.712210948579,311.5112823335168,2026-08-13 17:57:53,1000.0,34.0,157.0,21.0
120,1786643859,50,,Aggregated,33.8,0.0,1200.0,1300.0,1500.0,1500.0,1800.0,2100.0,2300.0,2600.0,5000.0,7000.0,7000.0,3669,0,1200,1131.0621620510035,45.88512901682407,7033.712210948579,311.47942218588173,2026-08-13 17:57:55,1000.0,33.0,151.0,20.0
121,1786643860,50,,Aggregated,33.5,0.0,1200.0,1400.0,1500.0,1500.0,1800.0,2100.0,2300.0,2600.0,5000.0,7000.0,7000.0,3705,0,1200,1134.3224803447365,45.88512901682407,7033.712210948579,311.0259109311741,2026-08-13 17:57:56,1000.0,33.0,151.0,20.0
122,1786643861,50,,Aggregated,33.7,0.0,1200.0,1400.0,1500.0,1500.0,1800.0,2100.0,2300.0,2600.0,5000.0,7000.0,7000.0,3748,0,1200,1135.7510178586906,45.88512901682407,7033.712210948579,310.2886872998933,2026-08-13 17:57:57,1000.0,33.0,151.0,20.0
123,1786643862,50,,Aggregated,33.3,0.0,1200.0,1400.0,1500.0,1500.0,1800.0,2100.0,2300.0,2600.0,5000.0,7000.0,7000.0,3777,0,1200,1137.2513885582437,45.88512901682407,7033.712210948579,310.0823404818639,2026-08-13 17:57:58,1000.0,33.0,151.0,20.0
124,1786643863,50,,Aggregated,34.0,0.0,1200.0,1400.0,1500.0,1500.0,1800.0,2100.0,2300.0,2600.0,5000.0,7000.0,7000.0,3809,0,1200,1141.051278433794,45.88512901682407,7033.712210948579,310.1779994749278,2026-08-13 17:57:59,1000.0,33.0,151.0,20.0
125,1786643864,50,,Aggregated,33.7,0.0,1200.0,1400.0,1500.0,1500.0,1800.0,2100.0,2300.0,2600.0,5000.0,7000.0,7000.0,3848,0,1200,1143.9252792861037,45.88512901682407,7033.712210948579,309.7908004158004,2026-08-13 17:58:00,1000.0,33.0,151.0,20.0
126,1786643865,50,,Aggregated,34.2,0.0,1200.0,1400.0,1500.0,1500.0,1800.0,2100.0,2300.0,2600.0,5000.0,7000.0,7000.0,3887,0,1200,1146.236584268424,45.88512901682407,7033.712210948579,309.21996398250576,2026-08-13 17:58:01,1000.0,33.0,151.0,20.0
127,1786643866,50,,Aggregated,35.4,0.0,1200.0,1400.0,1500.0,1500.0,1800.0,2100.0,2300.0,2600.0,5000.0,7000.0,7000.0,3912,0,1200,1148.2121413281095,45.88512901682407,7033.712210948579,309.3471370143149,2026-08-13 17:58:02,1000.0,33.0,151.0,20.0
128,1786643867,50,,Aggregated,34.7,0.0,1200.0,1400.0,1500.0,1500.0,1800.0,2100.0,2300.0,2600.0,5000.0,7000.0,7000.0,3944,0,1200,1152.7672294491222,45.88512901682407,7033.712210948579,309.74847870182555,2026-08-13 17:58:04,1000.0,33.0,151.0,20.0
129,1786643868,50,,Aggregated,34.5,0.0,1200.0,1400.0,1500.0,1500.0,1800.0,2100.0,2300.0,2600.0,5000.0,7000.0,7000.0,3982,0,1200,1156.2878408221695,45.88512901682407,7033.712210948579,309.2358111501758,2026-08-13 17:58:05,1000.0,33.0,151.0,20.0
130,1786643869,50,,Aggregated,34.2,0.0,1200.0,1400.0,1500.0,1600.0,1800.0,2100.0,2300.0,2600.0,4700.0,7000.0,7000.0,4005,0,1200,1158.3305109877106,45.88512901682407,7033.712210948579,309.3955056179775,2026-08-13 17:58:06,1000.0,33.0,151.0,20.0
131,1786643870,50,,Aggregated,34.4,0.0,1200.0,1400.0,1500.0,1600.0,1800.0,2100.0,2300.0,2600.0,4700.0,7000.0,7000.0,4035,0,1200,1163.3489545560506,45.88512901682407,7033.712210948579,309.9075588599752,2026-08-13 17:58:07,1000.0,33.0,151.0,20.0
132,1786643871,50,,Aggregated,34.0,0.0,1200.0,1400.0,1500.0,1600.0,1900.0,2100.0,2300.0,2600.0,4700.0,7000.0,7000.0,4064,0,1200,1167.202050292134,45.88512901682407,7033.712210948579,309.72194881889766,2026-08-13 17:58:08,1000.0,33.0,151.0,20.0
133,1786643872,50,,Aggregated,33.1,0.0,1200.0,1400.0,1500.0,1600.0,1900.0,2100.0,2300.0,2600.0,4700.0,7000.0,7000.0,4105,0,1200,1170.9165561812945,45.88512901682407,7033.712210948579,309.67746650426307,2026-08-13 17:58:09,1000.0,36.0,149.0,21.0
134,1786643873,50,,Aggregated,32.2,0.0,1200.0,1400.0,1500.0,1600.0,1900.0,2100.0,2300.0,2600.0,4700.0,7000.0,7000.0,4139,0,1200,1172.384206613243,45.88512901682407,7033.712210948579,309.0748973181928,2026-08-13 17:58:10,1000.0,36.0,149.0,21.0
135,1786643874,50,,Aggregated,32.6,0.0,1200.0,1400.0,1500.0,1600.0,1800.0,2100.0,2300.0,2600.0,4700.0,7000.0,7000.0,4172,0,1200,1174.637706982341,45.88512901682407,7033.712210948579,308.9697986577181,2026-08-13 17:58:11,1000.0,36.0,149.0,21.0
136,1786643875,50,,Aggregated,32.7,0.0,1200.0,1400.0,1500.0,1600.0,1900.0,2100.0,2300.0,2500.0,4700.0,7000.0,7000.0,4202,0,1200,1177.657685381311,45.88512901682407,7033.712210948579,309.0928129462161,2026-08-13 17:58:13,1000.0,36.0,149.0,21.0
137,1786643876,50,,Aggregated,32.4,0.0,1200.0,1400.0,1500.0,1600.0,1900.0,2100.0,2300.0,2500.0,4700.0,7000.0,7000.0,4231,0,1200,1180.9074494146762,45.88512901682407,7033.712210948579,309.12077523044195,2026-08-13 17:58:14,1000.0,36.0,149.0,21.0
138,1786643877,50,,Aggregated,31.0,0.0,1200.0,1400.0,1500.0,1600.0,1900.0,2100.0,2300.0,2500.0,4700.0,7000.0,7000.0,4266,0,1200,1183.813647180703,45.88512901682407,7033.712210948579,308.9519456165026,2026-08-13 17:58:15,1000.0,36.0,149.0,21.0
139,1786643878,50,,Aggregated,31.5,0.0,1200.0,1400.0,1500.0,1600.0,1900.0,2100.0,2300.0,2500.0,4700.0,7000.0,7000.0,4300,0,1200,1186.7011792194314,45.88512901682407,7033.712210948579,309.1402325581396,2026-08-13 17:58:16,1000.0,36.0,149.0,21.0
140,1786643879,50,,Aggregated,32.2,0.0,1200.0,1400.0,1500.0,1600.0,1900.0,2100.0,2300.0,2500.0,4700.0,7000.0,7000.0,4330,0,1200,1189.2239020974698,45.88512901682407,7033.712210948579,309.1304849884527,2026-08-13 17:58:17,1000.0,36.0,149.0,21.0
141,1786643880,50,,Aggregated,32.1,0.0,1300.0,1400.0,1500.0,1600.0,1900.0,2100.0,2300.0,2500.0,4700.0,7000.0,7000.0,4361,0,1300,1192.514831370794,45.88512901682407,7033.712210948579,309.09860123824814,2026-08-13 17:58:18,1000.0,36.0,149.0,21.0
142,1786643881,50,,Aggregated,31.7,0.0,1300.0,1400.0,1500.0,1600.0,1900.0,2100.0,2300.0,2500.0,4700.0,7000.0,7000.0,4390,0,1300,1195.0620645926342,45.88512901682407,7033.712210948579,309.12300683371296,2026-08-13 17:58:19,1000.0,36.0,149.0,21.0
143,1786643882,50,,Aggregated,32.5,0.0,1300.0,1400.0,1500.0,1600.0,1900.0,2100.0,2300.0,2500.0,4700.0,7000.0,7000.0,4427,0,1300,1198.002961927179,45.88512901682407,7033.712210948579,308.8929297492659,2026-08-13 17:58:20,1000.0,36.0,149.0,21.0
144,1786643883,50,,Aggregated,32.5,0.0,1300.0,1400.0,1500.0,1600.0,1900.0,2100.0,2300.0,2500.0,4700.0,7000.0,7000.0,4461,0,1300,1199.8122333431218,45.88512901682407,7033.712210948579,308.49607711275496,2026-08-13 17:58:21,1000.0,36.0,149.0,21.0
145,1786643884,50,,Aggregated,32.1,0.0,1300.0,1400.0,1500.0,1600.0,1900.0,2100.0,2300.0,2500.0,4700.0,7000.0,7000.0,4499,0,1300,1202.1949902037852,45.88512901682407,7033.712210948579,308.3609691042454,2026-08-13 17:58:23,1000.0,36.0,149.0,21.0
146,1786643885,50,,Aggregated,32.5,0.0,1300.0,1400.0,1500.0,1600.0,1900.0,2100.0,2300.0,2500.0,4700.0,7000.0,7000.0,4533,0,1300,1202.848699771653,45.88512901682407,7033.712210948579,307.7838076329142,2026-08-13 17:58:24,1000.0,36.0,140.0,20.0
147,1786643886,50,,Aggregated,31.7,0.0,1300.0,1400.0,1500.0,1600.0,1900.0,2100.0,2300.0,2500.0,4700.0,7000.0,7000.0,4576,0,1300,1204.6481031189055,45.88512901682407,7033.712210948579,307.16477272727275,2026-08-13 17:58:25,1000.0,36.0,140.0,20.0
148,1786643887,50,,Aggregated,33.4,0.0,1300.0,1400.0,1500.0,1600.0,1900.0,2100.0,2300.0,2500.0,4700.0,7000.0,7000.0,4609,0,1300,1204.902657473227,45.88512901682407,7033.712210948579,306.78173139509653,2026-08-13 17:58:26,1000.0,36.0,140.0,20.0
149,1786643888,50,,Aggregated,33.8,0.0,1300.0,1400.0,1500.0,1600.0,1900.0,2100.0,2300.0,2500.0,4700.0,7000.0,7000.0,4628,0,1300,1206.956183285792,45.88512901682407,7033.712210948579,307.11819360414864,2026-08-13 17:58:27,1000.0,36.0,140.0,20.0
150,1786643889,50,,Aggregated,34.3,0.0,1300.0,1400.0,1500.0,1600.0,1900.0,2100.0,2300.0,2500.0,4700.0,7000.0,7000.0,4658,0,1300,1211.203573166713,45.88512901682407,7033.712210948579,307.27200515242595,2026-08-13 17:58:28,1000.0,36.0,140.0,20.0
151,1786643890,50,,Aggregated,33.0,0.0,1300.0,1400.0,1500.0,1600.0,1900.0,2100.0,2300.0,2500.0,4700.0,7000.0,7000.0,4692,0,1300,1215.2973479779728,45.88512901682407,7033.712210948579,307.6125319693095,2026-08-13 17:58:29,1000.0,36.0,140.0,20.0
152,1786643891,50,,Aggregated,33.3,0.0,1300.0,1400.0,1500.0,1600.0,1900.0,2100.0,2300.0,2500.0,4700.0,7000.0,7000.0,4727,0,1300,1217.542501896306,45.88512901682407,7033.712210948579,306.99534588533953,2026-08-13 17:58:30,1000.0,36.0,140.0,20.0
153,1786643892,50,,Aggregated,33.0,0.0,1300.0,1400.0,1500.0,1600.0,1900.0,2100.0,2300.0,2500.0,4700.0,7000.0,7000.0,4765,0,1300,1219.128962631869,45.88512901682407,7033.712210948579,305.8793284365163,2026-08-13 17:58:31,1000.0,36.0,140.0,20.0
154,1786643893,50,,Aggregated,33.0,0.0,1300.0,1400.0,1500.0,1600.0,1900.0,2100.0,2300.0,2500.0,4700.0,7000.0,7000.0,4791,0,1300,1219.04454876605,45.88512901682407,7033.712210948579,304.996869129618,2026-08-13 17:58:33,1000.0,36.0,140.0,20.0
155,1786643894,50,,Aggregated,33.4,0.0,1300.0,1400.0,1500.0,1600.0,1900.0,2100.0,2300.0,2500.0,4700.0,7000.0,7000.0,4821,0,1300,1221.552492890548,45.88512901682407,7033.712210948579,305.02426882389545,2026-08-13 17:58:34,1000.0,36.0,140.0,20.0
156,1786643895,50,,Aggregated,33.6,0.0,1300.0,1400.0,1500.0,1600.0,1900.0,2100.0,2300.0,2500.0,4700.0,7000.0,7000.0,4857,0,1300,1223.6834869805175,45.88512901682407,7033.712210948579,303.79946469013794,2026-08-13 17:58:35,1000.0,36.0,140.0,20.0
157,1786643896,50,,Aggregated,32.0,0.0,1300.0,1400.0,1500.0,1600.0,1900.0,2100.0,2300.0,2500.0,4700.0,7000.0,7000.0,4896,0,1300,1223.9523816837022,45.88512901682407,7033.712210948579,302.6102941176471,2026-08-13 17:58:36,1000.0,36.0,140.0,20.0
158,1786643897,50,,Aggregated,32.4,0.0,1300.0,1400.0,1500.0,1600.0,1900.0,2100.0,2300.0,2500.0,4700.0,7000.0,7000.0,4919,0,1300,1224.311382283706,45.88512901682407,7033.712210948579,302.4777393779223,2026-08-13 17:58:37,1000.0,36.0,140.0,20.0
159,1786643898,50,,Aggregated,31.9,0.0,1300.0,1400.0,1500.0,1600.0,1900.0,2100.0,2300.0,2600.0,4700.0,7000.0,7000.0,4949,0,1300,1226.1734916734715,45.88512901682407,7033.712210948579,302.1683168316832,2026-08-13 17:58:38,1000.0,36.0,140.0,20.0
160,1786643899,50,,Aggregated,31.0,0.0,1300.0,1400.0,1500.0,1600.0,1900.0,2100.0,2300.0,2600.0,4700.0,7000.0,7000.0,4987,0,1300,1226.6329916514871,45.88512901682407,7033.712210948579,301.14196911971123,2026-08-13 17:58:39,995.0,37.0,156.0,21.0
161,1786643900,50,,Aggregated,31.9,0.0,1300.0,1400.0,1500.0,1600.0,1900.0,2100.0,2300.0,2600.0,4600.0,7000.0,7000.0,5022,0,1300,1227.9780874590156,45.88512901682407,7033.712210948579,300.2168458781362,2026-08-13 17:58:40,995.0,37.0,156.0,21.0
162,1786643901,50,,Aggregated,32.5,0.0,1300.0,1400.0,1500.0,1600.0,1900.0,2100.0,2300.0,2600.0,4600.0,7000.0,7000.0,5049,0,1300,1227.4704877821428,45.88512901682407,7033.712210948579,299.4604872251931,2026-08-13 17:58:42,995.0,37.0,156.0,21.0
163,1786643902,50,,Aggregated,33.0,0.0,1300.0,1400.0,1500.0,1600.0,1900.0,2100.0,2300.0,2600.0,4600.0,7000.0,7000.0,5084,0,1300,1229.037563752211,45.88512901682407,7033.712210948579,298.82002360346183,2026-08-13 17:58:43,995.0,37.0,156.0,21.0
164,1786643903,50,,Aggregated,32.9,0.0,1300.0,1400.0,1500.0,1600.0,1900.0,2100.0,2300.0,2600.0,4600.0,7000.0,7000.0,5125,0,1300,1228.0479364450111,45.88512901682407,7033.712210948579,297.30673170731706,2026-08-13 17:58:44,995.0,37.0,156.0,21.0
165,1786643904,50,,Aggregated,32.3,0.0,1300.0,1400.0,1500.0,1600.0,1900.0,2100.0,2400.0,2600.0,4600.0,7000.0,7000.0,5157,0,1300,1228.2205804588891,45.88512901682407,7033.712210948579,296.79503587357,2026-08-13 17:58:45,995.0,37.0,156.0,21.0
166,1786643905,50,,Aggregated,32.9,0.0,1300.0,1400.0,1500.0,1600.0,1900.0,2100.0,2400.0,2700.0,4600.0,7000.0,7000.0,5187,0,1300,1229.111290438338,45.88512901682407,7033.712210948579,296.36861384229803,2026-08-13 17:58:46,995.0,37.0,156.0,21.0
167,1786643906,50,,Aggregated,34.2,0.0,1300.0,1400.0,1500.0,1600.0,1900.0,2100.0,2400.0,2700.0,4600.0,7000.0,7000.0,5213,0,1300,1230.509144140405,45.88512901682407,7033.712210948579,296.1995012468828,2026-08-13 17:58:47,995.0,37.0,156.0,21.0
168,1786643907,50,,Aggregated,32.8,0.0,1300.0,1400.0,1500.0,1600.0,1900.0,2100.0,2400.0,2700.0,4600.0,7000.0,7000.0,5254,0,1300,1232.424710497483,45.88512901682407,7033.712210948579,295.2695089455653,2026-08-13 17:58:48,995.0,37.0,156.0,21.0
169,1786643908,50,,Aggregated,32.6,0.0,1300.0,1400.0,1500.0,1600.0,1900.0,2100.0,2400.0,2700.0,4600.0,7000.0,7000.0,5273,0,1300,1232.9977853586197,45.88512901682407,7033.712210948579,294.87976483974967,2026-08-13 17:58:49,995.0,37.0,156.0,21.0
170,1786643909,50,,Aggregated,32.9,0.0,1300.0,1400.0,1500.0,1600.0,1900.0,2100.0,2400.0,2700.0,4600.0,7000.0,7000.0,5305,0,1300,1234.2503118548852,45.88512901682407,7033.712210948579,295.23166823751177,2026-08-13 17:58:51,995.0,37.0,156.0,21.0
171,1786643910,50,,Aggregated,33.0,0.0,1300.0,1400.0,1600.0,1600.0,1900.0,2100.0,2400.0,2700.0,4600.0,7000.0,7000.0,5342,0,1300,1238.5382485812945,45.88512901682407,7033.712210948579,293.90546611755894,2026-08-13 17:58:52,995.0,37.0,156.0,21.0
172,1786643911,50,,Aggregated,31.5,0.0,1300.0,1400.0,1600.0,1600.0,1900.0,2100.0,2400.0,2700.0,4600.0,7000.0,7000.0,5381,0,1300,1237.5907801591254,45.88512901682407,7033.712210948579,292.68091432819176,2026-08-13 17:58:53,995.0,37.0,156.0,21.0
173,1786643912,50,,Aggregated,31.6,0.0,1300.0,1400.0,1600.0,1600.0,1900.0,2100.0,2400.0,2700.0,4600.0,7000.0,7000.0,5412,0,1300,1237.2680190992878,45.88512901682407,7033.712210948579,292.4340354767184,2026-08-13 17:58:54,996.0,38.0,146.0,20.0
174,1786643913,50,,Aggregated,32.0,0.0,1300.0,1500.0,1600.0,1600.0,1900.0,2100.0,2400.0,2700.0,4600.0,7000.0,7000.0,5444,0,1300,1237.4098066118531,45.88512901682407,7033.712210948579,291.4812637766348,2026-08-13 17:58:55,996.0,38.0,146.0,20.0
175,1786643914,50,,Aggregated,32.7,0.0,1300.0,1500.0,1600.0,1700.0,1900.0,2100.0,2400.0,2700.0,4600.0,7000.0,7000.0,5474,0,1300,1238.694222760833,45.88512901682407,7033.712210948579,291.0445743514797,2026-08-13 17:58:56,996.0,38.0,146.0,20.0
176,1786643915,50,,Aggregated,31.5,0.0,1300.0,1500.0,1600.0,1700.0,1900.0,2100.0,2400.0,2900.0,4600.0,7000.0,7000.0,5504,0,1300,1239.9400215768596,45.88512901682407,7033.712210948579,290.5181686046512,2026-08-13 17:58:57,996.0,38.0,146.0,20.0
177,1786643916,50,,Aggregated,31.3,0.0,1300.0,1500.0,1600.0,1700.0,1900.0,2100.0,2400.0,2900.0,4600.0,7000.0,7000.0,5540,0,1300,1240.62329501589,45.88512901682407,7033.712210948579,289.536642599278,2026-08-13 17:58:59,996.0,38.0,146.0,20.0
178,1786643917,50,,Aggregated,31.6,0.0,1300.0,1500.0,1600.0,1700.0,1900.0,2100.0,2400.0,2900.0,4600.0,7000.0,7000.0,5569,0,1300,1241.0564744944286,45.88512901682407,7033.712210948579,289.17040761357515,2026-08-13 17:59:00,996.0,38.0,146.0,20.0
179,1786643918,50,,Aggregated,32.5,0.0,1300.0,1500.0,1600.0,1700.0,1900.0,2100.0,2400.0,2900.0,4600.0,7000.0,7000.0,5603,0,1300,1242.7209793712511,45.88512901682407,7033.712210948579,288.64679635909334,2026-08-13 17:59:01,996.0,38.0,146.0,20.0
180,1786643919,50,,Aggregated,32.2,0.0,1300.0,1500.0,1600.0,1700.0,1900.0,2100.0,2400.0,2900.0,4600.0,7000.0,7000.0,5634,0,1300,1243.6802291020513,45.88512901682407,7033.712210948579,287.94036208732695,2026-08-13 17:59:02,996.0,38.0,146.0,20.0
181,1786643920,50,,Aggregated,32.5,0.0,1300.0,1500.0,1600.0,1700.0,1900.0,2100.0,2400.0,2900.0,4600.0,7000.0,7000.0,5659,0,1300,1244.4614574855764,45.88512901682407,7033.712210948579,288.21364198621666,2026-08-13 17:59:03,996.0,38.0,146.0,20.0
182,1786643921,50,,Aggregated,33.3,0.0,1300.0,1500.0,1600.0,1700.0,1900.0,2100.0,2400.0,2900.0,4600.0,7000.0,7000.0,5676,0,1300,1244.979629410853,45.88512901682407,7033.712210948579,288.3104298801973,2026-08-13 17:59:04,996.0,38.0,146.0,20.0
183,1786643922,50,,Aggregated,32.3,0.0,1300.0,1500.0,1600.0,1700.0,1900.0,2100.0,2400.0,2900.0,4600.0,7000.0,7000.0,5707,0,1300,1250.4546044505385,45.88512901682407,7033.712210948579,287.2353250394253,2026-08-13 17:59:05,996.0,38.0,146.0,20.0
184,1786643923,50,,Aggregated,31.2,0.0,1300.0,1500.0,1600.0,1700.0,2000.0,2200.0,2400.0,2900.0,4600.0,7000.0,7000.0,5735,0,1300,1252.732916068328,45.88512901682407,7033.712210948579,286.9701830863121,2026-08-13 17:59:06,996.0,38.0,146.0,20.0
185,1786643924,50,,Aggregated,29.5,0.0,1300.0,1500.0,1600.0,1700.0,2000.0,2200.0,2400.0,3000.0,4600.0,7000.0,7000.0,5768,0,1300,1255.6951074389233,45.88512901682407,7033.712210948579,286.43099861303745,2026-08-13 17:59:07,996.0,38.0,146.0,20.0
186,1786643925,50,,Aggregated,29.3,0.0,1300.0,1500.0,1600.0,1700.0,2000.0,2200.0,2400.0,3000.0,4600.0,7000.0,7000.0,5800,0,1300,1256.7852670704376,45.88512901682407,7033.712210948579,285.83603448275863,2026-08-13 17:59:09,979.0,38.0,145.0,20.0
187,1786643926,50,,Aggregated,29.6,0.0,1300.0,1500.0,1600.0,1700.0,2000.0,2200.0,2400.0,3000.0,4600.0,7000.0,7000.0,5830,0,1300,1257.5742697680696,45.88512901682407,7033.712210948579,285.45969125214407,2026-08-13 17:59:10,979.0,38.0,145.0,20.0
188,1786643927,50,,Aggregated,29.4,0.0,1300.0,1500.0,1600.0,1700.0,2000.0,2200.0,2400.0,3000.0,4600.0,7000.0,7000.0,5864,0,1300,1258.5104982549544,45.88512901682407,7033.712210948579,284.5410982264666,2026-08-13 17:59:11,979.0,38.0,145.0,20.0
189,1786643928,50,,Aggregated,28.7,0.0,1300.0,1500.0,1600.0,1700.0,2000.0,2200.0,2500.0,3000.0,4600.0,7000.0,7000.0,5904,0,1300,1258.20447863933,45.88512901682407,7033.712210948579,283.45714769647697,2026-08-13 17:59:12,979.0,38.0,145.0,20.0
190,1786643929,50,,Aggregated,28.8,0.0,1300.0,1500.0,1600.0,1700.0,2000.0,2200.0,2500.0,3000.0,4600.0,7000.0,7000.0,5943,0,1300,1256.7194355309914,45.88512901682407,7033.712210948579,282.1850917045263,2026-08-13 17:59:13,979.0,38.0,145.0,20.0
191,1786643930,50,,Aggregated,29.5,0.0,1300.0,1500.0,1600.0,1700.0,2000.0,2200.0,2500.0,3000.0,4600.0,7000.0,7000.0,5966,0,1300,1256.6404066268396,45.88512901682407,7033.712210948579,282.0415688903788,2026-08-13 17:59:14,979.0,38.0,145.0,20.0
192,1786643931,50,,Aggregated,30.8,0.0,1300.0,1500.0,1600.0,1700.0,2000.0,2200.0,2500.0,3000.0,4600.0,7000.0,7000.0,5997,0,1300,1258.173552637932,45.88512901682407,7033.712210948579,282.0091712522928,2026-08-13 17:59:15,979.0,38.0,145.0,20.0
193,1786643932,50,,Aggregated,30.9,0.0,1300.0,1500.0,1600.0,1700.0,2000.0,2200.0,2500.0,3000.0,4600.0,7000.0,7000.0,6025,0,1300,1260.9063624941716,45.88512901682407,7033.712210948579,282.0882987551867,2026-08-13 17:59:16,979.0,38.0,145.0,20.0
194,1786643933,50,,Aggregated,31.1,0.0,1300.0,1500.0,1600.0,1700.0,2000.0,2200.0,2500.0,3000.0,4600.0,7000.0,7000.0,6048,0,1300,1262.8917139806651,45.88512901682407,7033.712210948579,281.5740740740741,2026-08-13 17:59:17,979.0,38.0,145.0,20.0
195,1786643934,50,,Aggregated,31.8,0.0,1300.0,1500.0,1600.0,1700.0,2000.0,2200.0,2500.0,3000.0,4600.0,7000.0,7000.0,6078,0,1300,1264.8957829256124,45.88512901682407,7033.712210948579,281.70269825600525,2026-08-13 17:59:19,979.0,38.0,145.0,20.0
196,1786643935,50,,Aggregated,31.6,0.0,1300.0,1500.0,1600.0,1700.0,2000.0,2200.0,2500.0,3000.0,4600.0,7000.0,7000.0,6113,0,1300,1267.079128182126,45.88512901682407,7033.712210948579,280.8853263536725,2026-08-13 17:59:20,979.0,38.0,145.0,20.0
197,1786643936,50,,Aggregated,31.1,0.0,1300.0,1500.0,1600.0,1700.0,2000.0,2200.0,2500.0,3000.0,4600.0,7000.0,7000.0,6145,0,1300,1266.612501132099,45.88512901682407,7033.712210948579,280.4633034987795,2026-08-13 17:59:21,979.0,38.0,145.0,20.0
198,1786643937,50,,Aggregated,31.6,0.0,1300.0,1500.0,1600.0,1700.0,2000.0,2200.0,2500.0,3000.0,4600.0,7000.0,7000.0,6181,0,1300,1267.7793575264996,45.88512901682407,7033.712210948579,279.5542792428409,2026-08-13 17:59:22,979.0,38.0,145.0,20.0
199,1786643938,50,,Aggregated,31.2,0.0,1300.0,1500.0,1600.0,1700.0,2000.0,2200.0,2500.0,3000.0,4600.0,7000.0,7000.0,6212,0,1300,1267.5103729093817,45.88512901682407,7033.712210948579,279.2400193174501,2026-08-13 17:59:23,979.0,38.0,145.0,20.0
200,1786643939,50,,Aggregated,31.9,0.0,1300.0,1500.0,1600.0,1700.0,2000.0,2200.0,2500.0,3000.0,4600.0,7000.0,7000.0,6249,0,1300,1267.6961806538952,45.88512901682407,7033.712210948579,278.3008481357017,2026-08-13 17:59:24,984.0,38.0,151.0,20.0
201,1786643940,50,,Aggregated,31.0,0.0,1300.0,1500.0,1600.0,1700.0,2000.0,2200.0,2500.0,3000.0,4600.0,7000.0,7000.0,6276,0,1300,1267.6725684214916,45.88512901682407,7033.712210948579,278.3295092415551,2026-08-13 17:59:25,984.0,38.0,151.0,20.0
202,1786643941,50,,Aggregated,30.1,0.0,1300.0,1500.0,1600.0,1700.0,2000.0,2200.0,2500.0,3000.0,4600.0,7000.0,7000.0,6311,0,1300,1269.562075629281,45.88512901682407,7033.712210948579,277.71288226905403,2026-08-13 17:59:26,984.0,38.0,151.0,20.0
203,1786643942,50,,Aggregated,30.6,0.0,1300.0,1500.0,1600.0,1700.0,2000.0,2200.0,2500.0,3000.0,4600.0,7000.0,7000.0,6350,0,1300,1269.4623680184338,45.88512901682407,7033.712210948579,276.68724409448816,2026-08-13 17:59:28,984.0,38.0,151.0,20.0
204,1786643943,50,,Aggregated,30.5,0.0,1300.0,1500.0,1600.0,1700.0,2000.0,2200.0,2500.0,3000.0,4600.0,7000.0,7000.0,6375,0,1300,1269.322009747775,45.88512901682407,7033.712210948579,276.06086274509806,2026-08-13 17:59:29,984.0,38.0,151.0,20.0
205,1786643944,50,,Aggregated,31.8,0.0,1300.0,1500.0,1600.0,1700.0,2000.0,2200.0,2500.0,3000.0,4600.0,7000.0,7000.0,6408,0,1300,1270.0059610000876,45.88512901682407,7033.712210948579,276.08161672908864,2026-08-13 17:59:30,984.0,38.0,151.0,20.0
206,1786643945,50,,Aggregated,32.3,0.0,1300.0,1500.0,1600.0,1700.0,2000.0,2200.0,2500.0,3100.0,4600.0,7000.0,7000.0,6446,0,1300,1271.4672938897188,45.88512901682407,7033.712210948579,275.124728513807,2026-08-13 17:59:31,984.0,38.0,151.0,20.0
207,1786643946,50,,Aggregated,32.5,0.0,1300.0,1500.0,1600.0,1700.0,2000.0,2200.0,2500.0,3100.0,4600.0,7000.0,7000.0,6470,0,1300,1271.5725576574698,45.88512901682407,7033.712210948579,274.7528593508501,2026-08-13 17:59:32,984.0,38.0,151.0,20.0
208,1786643947,50,,Aggregated,32.3,0.0,1300.0,1500.0,1600.0,1700.0,2000.0,2200.0,2500.0,3100.0,4600.0,7000.0,7000.0,6498,0,1300,1272.4112259682624,45.88512901682407,7033.712210948579,274.5981840566328,2026-08-13 17:59:33,984.0,38.0,151.0,20.0
209,1786643948,50,,Aggregated,33.1,0.0,1300.0,1500.0,1600.0,1700.0,2000.0,2200.0,2500.0,3100.0,4600.0,7000.0,7000.0,6523,0,1300,1273.780381568588,45.88512901682407,7033.712210948579,274.9564617507282,2026-08-13 17:59:34,984.0,38.0,151.0,20.0
210,1786643949,50,,Aggregated,32.0,0.0,1300.0,1500.0,1600.0,1700.0,2000.0,2200.0,2500.0,3100.0,4600.0,7000.0,7000.0,6556,0,1300,1275.954678839788,45.88512901682407,7033.712210948579,274.4444783404515,2026-08-13 17:59:35,984.0,38.0,151.0,20.0
211,1786643950,50,,Aggregated,31.2,0.0,1300.0,1500.0,1600.0,1700.0,2000.0,2200.0,2600.0,3100.0,4600.0,7000.0,7000.0,6588,0,1300,1277.192773154472,45.88512901682407,7033.712210948579,274.00303582270794,2026-08-13 17:59:37,984.0,38.0,151.0,20.0
212,1786643951,50,,Aggregated,30.9,0.0,1300.0,1500.0,1600.0,1800.0,2000.0,2200.0,2600.0,3100.0,4600.0,7000.0,7000.0,6618,0,1300,1278.631359761975,45.88512901682407,7033.712210948579,273.56149894227866,2026-08-13 17:59:38,984.0,38.0,151.0,20.0
213,1786643952,50,,Aggregated,30.7,0.0,1300.0,1500.0,1600.0,1800.0,2000.0,2200.0,2600.0,3100.0,4600.0,7000.0,7000.0,6651,0,1300,1279.2264429888326,45.88512901682407,7033.712210948579,273.21635844233947,2026-08-13 17:59:39,984.0,38.0,148.0,20.0
214,1786643953,50,,Aggregated,30.8,0.0,1300.0,1500.0,1700.0,1800.0,2000.0,2200.0,2600.0,3100.0,4600.0,7000.0,7000.0,6677,0,1300,1279.6904945423037,45.88512901682407,7033.712210948579,272.63621386850383,2026-08-13 17:59:40,984.0,38.0,148.0,20.0
215,1786643954,50,,Aggregated,30.3,0.0,1300.0,1500.0,1700.0,1800.0,2000.0,2200.0,2600.0,3100.0,4600.0,7000.0,7000.0,6708,0,1300,1280.9216760200966,45.88512901682407,7033.712210948579,271.86210494931424,2026-08-13 17:59:41,984.0,38.0,148.0,20.0
216,1786643955,50,,Aggregated,30.5,0.0,1300.0,1500.0,1700.0,1800.0,2000.0,2200.0,2600.0,3100.0,4600.0,7000.0,7000.0,6742,0,1300,1281.938906066577,45.88512901682407,7033.712210948579,271.5892910115693,2026-08-13 17:59:42,984.0,38.0,148.0,20.0
217,1786643956,50,,Aggregated,30.5,0.0,1300.0,1500.0,1700.0,1800.0,2000.0,2200.0,2600.0,3200.0,4600.0,7000.0,7000.0,6781,0,1300,1282.7604158564898,45.88512901682407,7033.712210948579,270.712579265595,2026-08-13 17:59:43,984.0,38.0,148.0,20.0
218,1786643957,50,,Aggregated,30.0,0.0,1300.0,1500.0,1700.0,1800.0,2000.0,2200.0,2600.0,3100.0,4600.0,7000.0,7000.0,6813,0,1300,1282.1624023116133,45.88512901682407,7033.712210948579,269.8658447086452,2026-08-13 17:59:44,984.0,38.0,148.0,20.0
219,1786643958,50,,Aggregated,30.1,0.0,1300.0,1500.0,1700.0,1800.0,2000.0,2200.0,2600.0,3100.0,4600.0,7000.0,7000.0,6839,0,1300,1282.6458706015392,45.88512901682407,7033.712210948579,269.793390846615,2026-08-13 17:59:46,984.0,38.0,148.0,20.0
220,1786643959,50,,Aggregated,31.5,0.0,1300.0,1500.0,1700.0,1800.0,2000.0,2200.0,2600.0,3100.0,4600.0,7000.0,7000.0,6875,0,1300,1283.7571161734809,45.88512901682407,7033.712210948579,269.21207272727275,2026-08-13 17:59:47,984.0,38.0,148.0,20.0
221,1786643960,50,,Aggregated,31.8,0.0,1300.0,1500.0,1700.0,1800.0,2000.0,2200.0,2600.0,3100.0,4600.0,7000.0,7000.0,6905,0,1300,1283.793791361186,45.88512901682407,7033.712210948579,268.83635047067344,2026-08-13 17:59:48,984.0,38.0,148.0,20.0
222,1786643961,50,,Aggregated,31.6,0.0,1300.0,1500.0,1700.0,1800.0,2000.0,2200.0,2600.0,3100.0,4600.0,7000.0,7000.0,6934,0,1300,1284.5508753624342,45.88512901682407,7033.712210948579,268.3301124891837,2026-08-13 17:59:49,984.0,38.0,148.0,20.0
223,1786643962,50,,Aggregated,31.9,0.0,1300.0,1500.0,1700.0,1800.0,2000.0,2200.0,2600.0,3200.0,4600.0,7000.0,7000.0,6964,0,1300,1285.706445010658,45.88512901682407,7033.712210948579,268.0913268236646,2026-08-13 17:59:50,984.0,38.0,148.0,20.0
224,1786643963,50,,Aggregated,32.5,0.0,1300.0,1500.0,1700.0,1800.0,2000.0,2200.0,2600.0,3200.0,4600.0,7000.0,7000.0,6995,0,1300,1287.388735694107,45.88512901682407,7033.712210948579,267.81529664045746,2026-08-13 17:59:51,984.0,38.0,148.0,20.0
225,1786643964,50,,Aggregated,31.6,0.0,1300.0,1500.0,1700.0,1800.0,2000.0,2200.0,2600.0,3200.0,4600.0,7000.0,7000.0,7033,0,1300,1288.0903137766545,45.88512901682407,7033.712210948579,267.1084885539599,2026-08-13 17:59:52,984.0,38.0,148.0,20.0
226,1786643965,50,,Aggregated,30.5,0.0,1300.0,1500.0,1700.0,1800.0,2000.0,2200.0,2600.0,3200.0,4600.0,7000.0,7000.0,7067,0,1300,1287.0921680870968,45.88512901682407,7033.712210948579,266.425215791708,2026-08-13 17:59:53,984.0,38.0,140.0,21.0
227,1786643966,50,,Aggregated,31.6,0.0,1300.0,1500.0,1700.0,1800.0,2000.0,2200.0,2600.0,3200.0,4600.0,7000.0,7000.0,7096,0,1300,1288.0129105458398,45.88512901682407,7033.712210948579,266.1586809470124,2026-08-13 17:59:55,1000.0,37.0,140.0,21.0
228,1786643967,50,,Aggregated,32.6,0.0,1300.0,1500.0,1700.0,1800.0,2000.0,2200.0,2600.0,3200.0,4600.0,7000.0,7000.0,7128,0,1300,1288.2863859619663,45.88512901682407,7033.712210948579,265.84974747474746,2026-08-13 17:59:56,1000.0,37.0,140.0,21.0
229,1786643968,50,,Aggregated,32.0,0.0,1300.0,1500.0,1700.0,1800.0,2000.0,2200.0,2600.0,3200.0,4600.0,7000.0,7000.0,7157,0,1300,1289.487360621344,45.88512901682407,7033.712210948579,265.22802850356294,2026-08-13 17:59:57,1000.0,37.0,140.0,21.0
230,1786643969,50,,Aggregated,30.7,0.0,1300.0,1500.0,1700.0,1800.0,2000.0,2200.0,2600.0,3200.0,4600.0,7000.0,7000.0,7191,0,1300,1289.5196340578814,45.88512901682407,7033.712210948579,264.8844388819357,2026-08-13 17:59:58,1000.0,37.0,140.0,21.0
231,1786643970,50,,Aggregated,31.1,0.0,1300.0,1500.0,1700.0,1800.0,2000.0,2200.0,2600.0,3200.0,4600.0,7000.0,7000.0,7231,0,1300,1289.184145996898,45.88512901682407,7033.712210948579,264.18489835430785,2026-08-13 17:59:59,1000.0,37.0,140.0,21.0
232,1786643971,50,,Aggregated,31.4,0.0,1300.0,1500.0,1700.0,1800.0,2000.0,2200.0,2600.0,3200.0,4600.0,7000.0,7000.0,7256,0,1300,1289.579557594006,45.88512901682407,7033.712210948579,263.8183572216097,2026-08-13 18:00:00,1000.0,37.0,140.0,21.0
233,1786643972,50,,Aggregated,31.6,0.0,1300.0,1500.0,1700.0,1800.0,2000.0,2200.0,2600.0,3200.0,4600.0,7000.0,7000.0,7285,0,1300,1290.2414618566934,45.88512901682407,7033.712210948579,263.8024708304736,2026-08-13 18:00:01,1000.0,37.0,140.0,21.0
234,1786643973,50,,Aggregated,31.9,0.0,1300.0,1500.0,1700.0,1800.0,2000.0,2200.0,2600.0,3200.0,4600.0,7000.0,7000.0,7313,0,1300,1291.6768827983246,45.88512901682407,7033.712210948579,263.35389033228495,2026-08-13 18:00:02,1000.0,37.0,140.0,21.0
235,1786643974,50,,Aggregated,32.1,0.0,1300.0,1500.0,1700.0,1800.0,2000.0,2200.0,2600.0,3200.0,4600.0,7000.0,7000.0,7338,0,1300,1292.4205232291574,45.88512901682407,7033.712210948579,263.40855819024256,2026-08-13 18:00:04,1000.0,37.0,140.0,21.0
236,1786643975,50,,Aggregated,32.3,0.0,1300.0,1500.0,1700.0,1800.0,2000.0,2200.0,2600.0,3200.0,4600.0,7000.0,7000.0,7372,0,1300,1294.435729445696,45.88512901682407,7033.712210948579,262.9411285946826,2026-08-13 18:00:05,1000.0,37.0,140.0,21.0
237,1786643976,50,,Aggregated,32.0,0.0,1400.0,1600.0,1700.0,1800.0,2000.0,2200.0,2600.0,3200.0,4600.0,7000.0,7000.0,7399,0,1400,1295.8756418761263,45.88512901682407,7033.712210948579,262.7222597648331,2026-08-13 18:00:06,1000.0,37.0,140.0,21.0
238,1786643977,50,,Aggregated,30.0,0.0,1400.0,1600.0,1700.0,1800.0,2000.0,2200.0,2600.0,3200.0,4600.0,7000.0,7000.0,7429,0,1400,1296.596166927391,45.88512901682407,7033.712210948579,262.56575582177953,2026-08-13 18:00:07,1000.0,37.0,140.0,21.0
239,1786643978,50,,Aggregated,30.2,0.0,1400.0,1600.0,1700.0,1800.0,2000.0,2200.0,2600.0,3200.0,4600.0,7000.0,7000.0,7458,0,1400,1297.1667353268103,45.88512901682407,7033.712210948579,262.2527487262001,2026-08-13 18:00:08,1000.0,37.0,140.0,21.0
240,1786643979,50,,Aggregated,30.1,0.0,1400.0,1600.0,1700.0,1800.0,2000.0,2200.0,2600.0,3200.0,4600.0,7000.0,7000.0,7492,0,1400,1298.4345111548566,45.88512901682407,7033.712210948579,261.9588894821143,2026-08-13 18:00:09,1000.0,37.0,144.0,21.0
241,1786643980,50,,Aggregated,30.6,0.0,1400.0,1600.0,1700.0,1800.0,2000.0,2200.0,2600.0,3200.0,4600.0,7000.0,7000.0,7526,0,1400,1298.9575177335064,45.88512901682407,7033.712210948579,261.1662237576402,2026-08-13 18:00:10,1000.0,37.0,144.0,21.0
242,1786643981,50,,Aggregated,29.8,0.0,1400.0,1600.0,1700.0,1800.0,2000.0,2200.0,2600.0,3200.0,4600.0,7000.0,7000.0,7555,0,1400,1299.1303730170855,45.88512901682407,7033.712210948579,260.9589675711449,2026-08-13 18:00:12,1000.0,37.0,144.0,21.0
243,1786643982,50,,Aggregated,30.0,0.0,1400.0,1600.0,1700.0,1800.0,2000.0,2200.0,2600.0,3200.0,4600.0,7000.0,7000.0,7585,0,1400,1299.6188419688904,45.88512901682407,7033.712210948579,260.5605800922874,2026-08-13 18:00:13,1000.0,37.0,144.0,21.0
244,1786643983,50,,Aggregated,29.4,0.0,1400.0,1600.0,1700.0,1800.0,2000.0,2200.0,2600.0,3200.0,4600.0,7000.0,7000.0,7608,0,1400,1300.4230979227227,45.88512901682407,7033.712210948579,260.3045478443743,2026-08-13 18:00:14,1000.0,37.0,144.0,21.0
245,1786643984,50,,Aggregated,30.2,0.0,1400.0,1600.0,1700.0,1800.0,2000.0,2200.0,2600.0,3200.0,4600.0,7000.0,7000.0,7635,0,1400,1301.904275875953,45.88512901682407,7033.712210948579,260.5025540275049,2026-08-13 18:00:15,1000.0,37.0,144.0,21.0
246,1786643985,50,,Aggregated,30.1,0.0,1400.0,1600.0,1700.0,1800.0,2000.0,2200.0,2600.0,3200.0,4600.0,7000.0,7000.0,7665,0,1400,1304.389634856943,45.88512901682407,7033.712210948579,260.4692759295499,2026-08-13 18:00:16,1000.0,37.0,144.0,21.0
247,1786643986,50,,Aggregated,28.7,0.0,1400.0,1600.0,1700.0,1800.0,2000.0,2200.0,2600.0,3200.0,4600.0,7000.0,7000.0,7692,0,1400,1306.0675266421692,45.88512901682407,7033.712210948579,260.08853354134163,2026-08-13 18:00:17,1000.0,37.0,144.0,21.0
248,1786643987,50,,Aggregated,29.4,0.0,1400.0,1600.0,1700.0,1800.0,2000.0,2200.0,2600.0,3200.0,4600.0,7000.0,7000.0,7722,0,1400,1307.393852884728,45.88512901682407,7033.712210948579,259.7886557886558,2026-08-13 18:00:18,1000.0,37.0,144.0,21.0
249,1786643988,50,,Aggregated,29.4,0.0,1400.0,1600.0,1700.0,1800.0,2000.0,2200.0,2600.0,3200.0,4600.0,7000.0,7000.0,7750,0,1400,1307.847534170546,45.88512901682407,7033.712210948579,259.8647741935484,2026-08-13 18:00:19,1000.0,37.0,144.0,21.0
250,1786643989,50,,Aggregated,29.7,0.0,1400.0,1600.0,1700.0,1800.0,2100.0,2300.0,2600.0,3200.0,4600.0,7000.0,7000.0,7775,0,1400,1308.9476566396304,45.88512901682407,7033.712210948579,259.5124115755627,2026-08-13 18:00:21,1000.0,37.0,144.0,21.0
251,1786643990,50,,Aggregated,28.9,0.0,1400.0,1600.0,1700.0,1800.0,2100.0,2300.0,2600.0,3200.0,4600.0,7000.0,7000.0,7812,0,1400,1310.0141708379608,45.88512901682407,7033.712210948579,259.0783410138249,2026-08-13 18:00:22,1000.0,37.0,144.0,21.0
252,1786643991,50,,Aggregated,29.0,0.0,1400.0,1600.0,1700.0,1800.0,2100.0,2300.0,2700.0,3200.0,4600.0,7000.0,7000.0,7840,0,1400,1311.0616420634065,45.88512901682407,7033.712210948579,258.78456632653064,2026-08-13 18:00:23,1000.0,37.0,144.0,21.0
253,1786643992,50,,Aggregated,28.5,0.0,1400.0,1600.0,1700.0,1800.0,2100.0,2300.0,2700.0,3200.0,4600.0,7000.0,7000.0,7872,0,1400,1311.660053388469,45.88512901682407,7033.712210948579,258.3653455284553,2026-08-13 18:00:24,901.0,38.0,122.0,21.0
254,1786643993,50,,Aggregated,28.2,0.0,1400.0,1600.0,1700.0,1800.0,2100.0,2300.0,2700.0,3200.0,4600.0,7000.0,7000.0,7903,0,1400,1311.7387715462191,45.88512901682407,7033.712210948579,258.1366569657092,2026-08-13 18:00:25,901.0,38.0,122.0,21.0
255,1786643994,50,,Aggregated,28.0,0.0,1400.0,1600.0,1700.0,1800.0,2100.0,2300.0,2700.0,3200.0,4600.0,7000.0,7000.0,7931,0,1400,1312.699376042846,45.88512901682407,7033.712210948579,257.6567898121296,2026-08-13 18:00:26,901.0,38.0,122.0,21.0
256,1786643995,50,,Aggregated,28.6,0.0,1400.0,1600.0,1700.0,1800.0,2100.0,2300.0,2700.0,3200.0,4600.0,7000.0,7000.0,7952,0,1400,1313.8987856912445,45.88512901682407,7033.712210948579,258.0710513078471,2026-08-13 18:00:27,901.0,38.0,122.0,21.0
257,1786643996,50,,Aggregated,30.1,0.0,1400.0,1600.0,1700.0,1800.0,2100.0,2300.0,2700.0,3200.0,4600.0,7000.0,7000.0,7995,0,1400,1315.6012073339125,45.88512901682407,7033.712210948579,257.0795497185741,2026-08-13 18:00:28,901.0,38.0,122.0,21.0
258,1786643997,50,,Aggregated,29.5,0.0,1400.0,1600.0,1700.0,1800.0,2100.0,2300.0,2700.0,3200.0,4500.0,7000.0,7000.0,8030,0,1400,1315.775263939564,45.88512901682407,7033.712210948579,256.37098381070984,2026-08-13 18:00:29,901.0,38.0,122.0,21.0
259,1786643998,50,,Aggregated,29.2,0.0,1400.0,1600.0,1700.0,1800.0,2100.0,2300.0,2700.0,3200.0,4500.0,7000.0,7000.0,8055,0,1400,1315.6344720107463,45.88512901682407,7033.712210948579,256.18957169459964,2026-08-13 18:00:31,901.0,38.0,122.0,21.0
260,1786643999,50,,Aggregated,29.9,0.0,1400.0,1600.0,1700.0,1800.0,2100.0,2300.0,2700.0,3200.0,4500.0,7000.0,7000.0,8087,0,1400,1316.8163732990545,45.88512901682407,7033.712210948579,255.89934462717943,2026-08-13 18:00:32,901.0,38.0,122.0,21.0
261,1786644000,50,,Aggregated,30.6,0.0,1400.0,1600.0,1700.0,1800.0,2100.0,2300.0,2700.0,3200.0,4500.0,7000.0,7000.0,8114,0,1400,1317.7436100710386,45.88512901682407,7033.712210948579,255.76472763125463,2026-08-13 18:00:33,901.0,38.0,122.0,21.0
262,1786644001,50,,Aggregated,30.5,0.0,1400.0,1600.0,1800.0,1800.0,2100.0,2300.0,2700.0,3200.0,4500.0,7000.0,7000.0,8147,0,1400,1318.7032111359235,45.88512901682407,7033.712210948579,255.25494046888423,2026-08-13 18:00:34,901.0,38.0,122.0,21.0
263,1786644002,50,,Aggregated,30.5,0.0,1400.0,1600.0,1800.0,1800.0,2100.0,2300.0,2700.0,3200.0,4500.0,7000.0,7000.0,8175,0,1400,1318.9508897797152,45.88512901682407,7033.712210948579,255.17908256880733,2026-08-13 18:00:35,901.0,38.0,122.0,21.0
264,1786644003,50,,Aggregated,30.8,0.0,1400.0,1600.0,1800.0,1800.0,2100.0,2300.0,2700.0,3200.0,4500.0,7000.0,7000.0,8208,0,1400,1320.4726652273466,45.88512901682407,7033.712210948579,254.53642787524367,2026-08-13 18:00:36,901.0,38.0,122.0,21.0
265,1786644004,50,,Aggregated,31.1,0.0,1400.0,1600.0,1800.0,1800.0,2100.0,2300.0,2700.0,3200.0,4500.0,7000.0,7000.0,8239,0,1400,1320.8889738394091,45.88512901682407,7033.712210948579,254.2642310960068,2026-08-13 18:00:37,901.0,38.0,122.0,21.0
266,1786644005,50,,Aggregated,30.0,0.0,1400.0,1600.0,1800.0,1800.0,2100.0,2300.0,2700.0,3200.0,4500.0,7000.0,7000.0,8271,0,1400,1321.3846308724314,45.88512901682407,7033.712210948579,253.78152581308183,2026-08-13 18:00:38,901.0,38.0,122.0,21.0
267,1786644006,50,,Aggregated,29.9,0.0,1400.0,1600.0,1800.0,1800.0,2100.0,2300.0,2700.0,3200.0,4500.0,7000.0,7000.0,8298,0,1400,1321.7683328522282,45.88512901682407,7033.712210948579,253.42781393106773,2026-08-13 18:00:39,0.0,37.0,5.0,20.0
268,1786644007,50,,Aggregated,31.4,0.0,1400.0,1600.0,1800.0,1800.0,2100.0,2200.0,2700.0,3200.0,4500.0,7000.0,7000.0,8330,0,1400,1322.314545064644,45.88512901682407,7033.712210948579,253.193637454982,2026-08-13 18:00:41,0.0,37.0,5.0,20.0
269,1786644008,50,,Aggregated,31.3,0.0,1400.0,1600.0,1800.0,1800.0,2100.0,2200.0,2700.0,3200.0,4500.0,7000.0,7000.0,8361,0,1400,1323.5075208055707,45.88512901682407,7033.712210948579,252.88912809472552,2026-08-13 18:00:42,0.0,37.0,5.0,20.0
