Timestamp,User Count,Type,Name,Requests/s,Failures/s,50%,66%,75%,80%,90%,95%,98%,99%,99.9%,99.99%,100%,Total Request Count,Total Failure Count,Total Median Response Time,Total Average Response Time,Total Min Response Time,Total Max Response Time,Total Average Content Size
1787253825,0,,Aggregated,0.000000,0.000000,N/A,N/A,N/A,N/A,N/A,N/A,N/A,N/A,N/A,N/A,N/A,0,0,0,0.0,0,0,0
1787253826,2,,Aggregated,0.000000,0.000000,91,91,91,91,91,91,91,91,91,91,91,2,0,86.31447399966419,88.83612950739916,86.31447399966419,91.35778501513414,868.0
1787253827,4,,Aggregated,0.000000,0.000000,120,120,140,140,140,140,140,140,140,140,140,6,0,120,117.6970253388087,86.31447399966419,140.23387400084175,868.0
1787253828,6,,Aggregated,0.000000,0.000000,150,160,170,170,170,180,180,180,180,180,180,12,0,140,142.94947133748792,86.31447399966419,178.80346899619326,868.0
1787253829,8,,Aggregated,2.000000,0.000000,170,210,220,220,220,230,230,230,230,230,230,20,0,170,173.28155700233765,86.31447399966419,233.97621902404353,868.0
1787253830,10,,Aggregated,3.000000,0.000000,210,220,220,220,240,240,240,240,240,240,240,30,0,190,183.38682726801684,81.92602897179313,243.33601599209942,810.6
1787253831,10,,Aggregated,4.000000,0.000000,220,230,240,260,270,270,280,280,280,280,280,40,0,220,202.2240125515964,81.92602897179313,276.08670500922017,824.95
1787253832,10,,Aggregated,5.000000,0.000000,220,240,250,250,260,270,280,280,280,280,280,50,0,220,208.16738912137225,81.92602897179313,276.08670500922017,816.34
1787253833,10,,Aggregated,6.000000,0.000000,220,230,240,250,260,270,270,280,280,280,280,60,0,220,203.81013280129991,72.91028599138372,276.08670500922017,781.9
1787253834,10,,Aggregated,6.666667,0.000000,220,240,250,260,270,270,270,280,280,280,280,70,0,220,212.34152430053135,72.91028599138372,276.08670500922017,794.2
1787253835,10,,Aggregated,7.142857,0.000000,230,250,250,260,270,270,270,280,280,280,280,80,0,230,214.40622747577436,72.91028599138372,276.08670500922017,792.6625
1787253836,10,,Aggregated,7.500000,0.000000,240,250,260,260,270,270,270,280,280,280,280,90,0,230,218.01754252325432,72.91028599138372,276.08670500922017,801.0333333333333
1787253837,10,,Aggregated,7.777778,0.000000,240,250,260,260,270,280,280,280,280,280,280,100,0,240,222.31174224056304,72.91028599138372,278.42918899841607,807.73
1787253838,10,,Aggregated,8.000000,0.000000,240,250,260,260,270,270,280,280,280,280,280,110,0,240,220.67295688215052,72.91028599138372,278.42918899841607,797.5545454545454
1787253839,10,,Aggregated,8.800000,0.000000,240,250,260,260,270,270,280,280,280,280,280,120,0,240,223.794378550762,72.91028599138372,278.42918899841607,803.425
1787253840,10,,Aggregated,9.400000,0.000000,240,250,260,260,270,270,280,280,280,280,280,130,0,240,224.68018062399307,72.91028599138372,278.42918899841607,801.7692307692307
1787253841,10,,Aggregated,9.800000,0.000000,240,250,260,260,270,270,280,280,280,280,280,140,0,240,224.85424376521092,72.91028599138372,278.42918899841607,800.35
1787253842,10,,Aggregated,10.000000,0.000000,240,260,260,260,270,270,280,280,280,280,280,150,0,240,227.1531401607596,72.91028599138372,278.42918899841607,804.86
1787253843,10,,Aggregated,10.000000,0.000000,250,260,260,270,270,270,280,280,280,280,280,160,0,240,228.85214163197816,72.91028599138372,278.42918899841607,808.80625
1787253844,10,,Aggregated,10.000000,0.000000,250,260,260,260,270,270,280,280,280,280,280,170,0,240,228.91321508316597,72.91028599138372,278.42918899841607,807.2235294117647
1787253845,10,,Aggregated,10.000000,0.000000,240,250,260,260,270,270,280,280,280,280,280,180,0,240,227.40730505061543,69.89902097848244,278.42918899841607,801.0333333333333
1787253846,15,,Aggregated,10.000000,0.000000,250,260,260,270,270,280,300,330,330,330,330,195,0,250,230.64978978020523,69.89902097848244,331.71474499977194,793.7846153846153
1787253847,20,,Aggregated,10.000000,0.000000,250,260,270,270,280,300,390,400,410,410,410,215,0,250,235.1300660005045,69.89902097848244,406.137857993599,779.6372093023256
1787253848,20,,Aggregated,10.000000,0.000000,250,260,270,270,300,340,400,400,410,410,410,235,0,250,239.94947040869675,69.89902097848244,406.137857993599,767.9404255319149
1787253849,20,,Aggregated,10.500000,0.000000,250,260,270,270,310,350,400,400,410,410,410,255,0,250,241.2362358002129,69.89902097848244,406.137857993599,755.9960784313726
1787253850,20,,Aggregated,11.500000,0.000000,250,270,270,280,330,380,400,400,410,410,410,275,0,250,244.9256311639593,69.89902097848244,406.137857993599,748.3563636363637
1787253851,20,,Aggregated,12.500000,0.000000,260,270,280,300,340,390,440,450,460,460,460,295,0,260,252.03051032879296,69.89902097848244,464.5028300001286,751.7152542372881
1787253852,20,,Aggregated,13.500000,0.000000,260,270,290,310,350,400,410,450,460,460,460,315,0,260,254.23982114935782,69.89902097848244,464.5028300001286,745.3142857142857
1787253853,20,,Aggregated,14.500000,0.000000,260,270,290,310,350,400,410,450,460,460,460,335,0,260,255.73479026910474,69.89902097848244,464.5028300001286,734.5402985074627
1787253854,20,,Aggregated,15.500000,0.000000,260,280,300,320,360,400,430,450,460,460,460,355,0,260,258.43082776926065,69.89902097848244,464.5028300001286,733.7239436619718
1787253855,20,,Aggregated,16.500000,0.000000,260,280,310,330,370,400,430,450,460,460,460,375,0,260,261.9724980134827,69.89902097848244,464.5028300001286,731.1386666666667
1787253856,20,,Aggregated,17.500000,0.000000,260,290,310,330,380,410,430,450,460,460,460,395,0,260,263.00147262555134,69.89902097848244,464.5028300001286,729.2329113924051
1787253857,20,,Aggregated,18.500000,0.000000,270,290,320,340,390,410,430,440,460,460,460,415,0,270,265.53844527729945,69.89902097848244,464.5028300001286,728.8144578313253
1787253858,20,,Aggregated,19.500000,0.000000,270,290,320,340,380,410,430,440,460,460,460,435,0,270,264.94481717049007,69.89902097848244,464.5028300001286,720.8735632183908
1787253859,20,,Aggregated,20.000000,0.000000,270,300,320,340,390,410,440,450,460,460,460,455,0,270,268.29670289720684,69.89902097848244,464.5028300001286,722.7296703296703
1787253860,20,,Aggregated,20.000000,0.000000,270,300,330,340,400,420,440,450,460,460,460,475,0,270,271.8405961897837,69.89902097848244,464.5028300001286,721.9431578947368
1787253861,20,,Aggregated,20.000000,0.000000,270,300,330,340,390,420,440,450,460,460,460,495,0,270,272.31275753348575,69.89902097848244,464.5028300001286,716.1818181818181
1787253862,20,,Aggregated,20.000000,0.000000,270,300,330,340,390,410,440,450,460,460,460,515,0,270,272.43269994748687,69.89902097848244,464.5028300001286,713.6291262135923
1787253863,20,,Aggregated,20.000000,0.000000,270,310,330,350,400,420,440,450,460,460,460,535,0,270,274.77416958127856,69.89902097848244,464.5028300001286,715.4598130841122
1787253864,20,,Aggregated,20.000000,0.000000,270,310,340,350,400,420,440,450,460,460,460,555,0,270,276.024727443252,69.89902097848244,464.5028300001286,715.9405405405405
1787253865,20,,Aggregated,20.000000,0.000000,280,310,340,350,400,420,440,450,460,460,460,575,0,280,276.4571162713084,69.89902097848244,464.5028300001286,712.4660869565217
1787253866,25,,Aggregated,20.000000,0.000000,280,310,340,350,400,430,440,450,460,460,460,600,0,280,277.3161123849665,69.89902097848244,464.5028300001286,706.2283333333334
1787253867,30,,Aggregated,20.000000,0.000000,280,320,340,350,400,420,440,450,460,460,460,630,0,280,275.2100325981802,64.40999600454234,464.5028300001286,690.1285714285714
1787253868,35,,Aggregated,20.000000,0.000000,280,320,340,350,400,420,440,450,460,460,460,665,0,280,274.90887809010866,64.40999600454234,464.5028300001286,672.2857142857143
1787253869,40,,Aggregated,20.500000,0.000000,280,320,340,360,400,430,450,460,610,610,610,705,0,280,279.02663887089534,64.40999600454234,606.4886619860772,657.9063829787234
1787253870,40,,Aggregated,21.500000,0.000000,280,320,350,360,410,440,460,490,610,610,610,745,0,280,280.82844937445236,64.40999600454234,606.4886619860772,642.5664429530201
1787253871,40,,Aggregated,23.000000,0.000000,280,330,350,370,410,440,480,500,610,610,610,785,0,280,281.1709082815915,64.40999600454234,606.4886619860772,628.6929936305733
1787253872,40,,Aggregated,25.000000,0.000000,290,330,350,370,420,440,490,510,610,610,610,825,0,290,282.4171472702768,64.40999600454234,606.4886619860772,617.8630303030303
1787253873,40,,Aggregated,27.000000,0.000000,290,330,360,380,430,460,520,570,750,750,750,865,0,290,289.61158150745115,64.40999600454234,748.0008809943683,613.0901734104046
1787253874,40,,Aggregated,29.000000,0.000000,290,330,360,380,430,470,520,570,750,750,750,905,0,290,289.61049772024626,64.40999600454234,748.0008809943683,603.9513812154696
1787253875,40,,Aggregated,31.000000,0.000000,290,330,360,380,440,490,550,570,750,750,750,945,0,290,290.73226687488534,64.40999600454234,748.0008809943683,597.1079365079365
1787253876,40,,Aggregated,33.000000,0.000000,290,340,370,390,440,500,550,580,750,750,750,985,0,290,292.6264685491185,64.40999600454234,748.0008809943683,590.2903553299492
1787253877,40,,Aggregated,35.000000,0.000000,290,340,370,390,440,500,550,570,640,750,750,1025,0,290,293.6258338897194,64.40999600454234,748.0008809943683,582.7795121951219
1787253878,40,,Aggregated,37.000000,0.000000,290,340,370,390,440,500,550,570,640,750,750,1065,0,290,292.4899604844592,64.40999600454234,748.0008809943683,572.5183098591549
1787253879,40,,Aggregated,38.500000,0.000000,290,340,370,390,440,500,550,570,640,750,750,1105,0,290,292.9720161167422,64.40999600454234,748.0008809943683,566.9638009049773
1787253880,40,,Aggregated,39.500000,0.000000,290,340,370,400,450,510,550,570,640,750,750,1145,0,290,293.7523839353964,64.40999600454234,748.0008809943683,561.8157205240175
1787253881,40,,Aggregated,40.000000,0.000000,300,340,370,400,450,510,550,570,640,750,750,1185,0,300,294.484428885218,64.40999600454234,748.0008809943683,556.4025316455696
1787253882,40,,Aggregated,40.000000,0.000000,290,340,370,400,450,510,550,570,640,750,750,1225,0,290,293.8961755127494,64.40999600454234,748.0008809943683,549.4881632653061
1787253883,40,,Aggregated,40.000000,0.000000,290,340,370,400,450,500,540,570,640,750,750,1265,0,290,293.49908525625284,64.40999600454234,748.0008809943683,542.3699604743083
1787253884,40,,Aggregated,40.000000,0.000000,300,340,380,400,450,510,550,570,680,750,750,1305,0,300,295.8455072828726,64.40999600454234,748.0008809943683,539.8091954022989
1787253885,40,,Aggregated,40.000000,0.000000,300,340,380,400,460,510,550,570,680,750,750,1345,0,300,296.3714968074904,64.40999600454234,748.0008809943683,536.4654275092937
1787253886,40,,Aggregated,40.000000,0.000000,300,350,380,400,460,510,550,570,680,750,750,1385,0,300,296.2781221560028,64.40999600454234,748.0008809943683,530.9328519855595
1787253887,40,,Aggregated,40.000000,0.000000,300,350,380,410,460,510,550,570,680,750,750,1425,0,300,296.5344726478297,64.40999600454234,748.0008809943683,526.4912280701755
1787253888,40,,Aggregated,40.000000,0.000000,300,350,380,410,460,510,550,570,680,750,750,1465,0,300,296.81084058716345,64.40999600454234,748.0008809943683,522.298976109215
1787253889,40,,Aggregated,40.000000,0.000000,300,350,380,410,460,510,550,570,680,750,750,1505,0,300,296.6741362772457,64.40999600454234,748.0008809943683,518.0591362126246
1787253890,40,,Aggregated,40.000000,0.000000,300,350,380,410,460,510,550,570,680,750,750,1545,0,300,296.55161325197776,64.40999600454234,748.0008809943683,513.8453074433656
1787253891,40,,Aggregated,40.000000,0.000000,300,350,380,410,460,510,550,570,680,750,750,1585,0,300,295.92127152766346,64.40999600454234,748.0008809943683,509.9287066246057
1787253892,40,,Aggregated,40.000000,0.000000,300,350,380,410,460,510,550,570,680,750,750,1625,0,300,295.32142810177845,64.40999600454234,748.0008809943683,504.8953846153846
1787253893,40,,Aggregated,40.000000,0.000000,300,350,380,410,460,510,540,570,680,750,750,1665,0,300,295.08307094373896,64.40999600454234,748.0008809943683,502.1039039039039
1787253894,40,,Aggregated,40.000000,0.000000,300,350,380,410,460,510,540,570,680,750,750,1705,0,300,294.7562616130186,62.208112998632714,748.0008809943683,499.02346041055716
1787253895,40,,Aggregated,40.000000,0.000000,300,350,380,410,460,510,540,570,680,750,750,1745,0,300,294.56942854680983,62.208112998632714,748.0008809943683,495.2808022922636
1787253896,40,,Aggregated,40.000000,0.000000,300,350,380,410,460,500,540,570,680,750,750,1785,0,300,294.2348784241592,62.208112998632714,748.0008809943683,492.48515406162466
1787253897,40,,Aggregated,40.000000,0.000000,300,350,390,410,460,500,540,570,680,750,750,1825,0,300,293.97428924273635,62.208112998632714,748.0008809943683,489.24986301369864
1787253898,40,,Aggregated,40.000000,0.000000,300,350,390,410,460,500,540,570,680,750,750,1865,0,300,293.5633475705139,62.208112998632714,748.0008809943683,486.0815013404826
1787253899,40,,Aggregated,40.000000,0.000000,300,350,390,410,460,500,540,560,680,750,750,1905,0,300,294.5394715963554,62.208112998632714,748.0008809943683,484.9296587926509
1787253900,40,,Aggregated,40.000000,0.000000,300,350,390,410,460,500,540,560,680,750,750,1945,0,300,294.7245190570976,62.208112998632714,748.0008809943683,482.94035989717224
1787253901,40,,Aggregated,40.000000,0.000000,300,350,390,410,470,510,540,560,680,750,750,1985,0,300,295.3208270776543,62.208112998632714,748.0008809943683,481.5853904282116
1787253902,40,,Aggregated,40.000000,0.000000,300,350,390,420,470,510,540,570,640,750,750,2025,0,300,295.42168620248026,62.208112998632714,748.0008809943683,480.0118518518519
1787253903,40,,Aggregated,40.000000,0.000000,300,350,390,410,470,510,540,570,640,750,750,2065,0,300,294.10942745620224,62.208112998632714,748.0008809943683,475.88232445520583
1787253904,40,,Aggregated,40.000000,0.000000,300,350,390,410,470,510,540,560,640,750,750,2105,0,300,295.02904822234444,62.208112998632714,748.0008809943683,474.29833729216153
1787253905,40,,Aggregated,40.000000,0.000000,300,350,390,410,470,510,540,560,640,750,750,2145,0,300,294.66100835989255,62.208112998632714,748.0008809943683,471.7958041958042
1787253906,40,,Aggregated,40.000000,0.000000,300,350,390,420,470,510,540,560,640,750,750,2185,0,300,295.43987607961157,62.208112998632714,748.0008809943683,470.82608695652175
1787253907,40,,Aggregated,40.000000,0.000000,300,350,390,420,470,510,540,560,640,750,750,2225,0,300,296.03710221121446,62.208112998632714,748.0008809943683,469.0188764044944
1787253908,40,,Aggregated,40.000000,0.000000,300,350,390,420,470,510,540,560,640,750,750,2265,0,300,295.83575382867775,62.208112998632714,748.0008809943683,466.89933774834435
1787253909,40,,Aggregated,40.000000,0.000000,300,350,390,420,470,510,540,560,640,750,750,2305,0,300,295.8417234268699,62.208112998632714,748.0008809943683,465.07288503253795
1787253910,40,,Aggregated,40.000000,0.000000,300,350,390,420,470,500,540,560,640,750,750,2346,0,300,295.9302795638614,62.208112998632714,748.0008809943683,462.96504688832056
1787253911,40,,Aggregated,40.000000,0.000000,300,350,390,420,470,500,540,560,640,750,750,2385,0,300,296.47908356507844,62.208112998632714,748.0008809943683,461.84570230607966
1787253912,40,,Aggregated,40.000000,0.000000,300,350,390,420,470,500,540,560,640,750,750,2425,0,300,295.9979723483689,62.208112998632714,748.0008809943683,459.2742268041237
1787253913,40,,Aggregated,40.000000,0.000000,300,350,400,420,470,500,530,560,640,750,750,2465,0,300,296.309380124051,62.208112998632714,748.0008809943683,458.3951318458418
1787253914,40,,Aggregated,40.000000,0.000000,300,350,390,420,470,500,530,560,640,750,750,2507,0,300,295.0226951087254,61.12739801756106,748.0008809943683,454.82169924212207
1787253915,40,,Aggregated,40.000000,0.000000,300,350,390,420,470,510,540,560,640,750,750,2545,0,300,295.6057632155922,61.12739801756106,748.0008809943683,455.65343811394894
1787253916,40,,Aggregated,40.000000,0.000000,300,350,400,420,470,510,540,560,640,750,750,2585,0,300,296.1325882850494,61.12739801756106,748.0008809943683,454.4858800773694
1787253917,40,,Aggregated,40.000000,0.000000,300,360,400,420,470,510,540,560,640,750,750,2625,0,300,295.97992541479124,61.12739801756106,748.0008809943683,452.8198095238095
1787253918,40,,Aggregated,40.000000,0.000000,300,350,390,420,470,500,540,560,640,750,750,2665,0,300,295.39573787501666,61.12739801756106,748.0008809943683,450.96510318949345
1787253919,40,,Aggregated,40.000000,0.000000,300,360,400,420,470,510,540,560,640,750,750,2706,0,300,296.1535557165427,61.12739801756106,748.0008809943683,450.85920177383593
1787253920,40,,Aggregated,40.000000,0.000000,300,360,400,420,470,510,540,560,640,750,750,2746,0,300,296.59008295846746,61.12739801756106,748.0008809943683,449.8372177713037
1787253921,40,,Aggregated,40.000000,0.000000,300,360,400,420,470,510,540,560,640,750,750,2786,0,300,296.520650175865,61.12739801756106,748.0008809943683,448.94472361809045
1787253922,40,,Aggregated,40.000000,0.000000,300,360,400,420,470,510,540,560,640,750,750,2826,0,300,296.8286038772269,61.12739801756106,748.0008809943683,447.97523000707713
1787253923,40,,Aggregated,40.000000,0.000000,300,360,400,420,470,510,540,560,640,750,750,2866,0,300,297.40345452062434,61.12739801756106,748.0008809943683,447.927076064201
1787253924,40,,Aggregated,40.000000,0.000000,300,360,400,420,470,510,540,560,640,750,750,2907,0,300,296.6185964558436,61.12739801756106,748.0008809943683,445.2205022359821
1787253925,40,,Aggregated,40.000000,0.000000,300,360,400,420,470,510,540,560,640,750,750,2945,0,300,296.09725910426886,61.12739801756106,748.0008809943683,443.16434634974536
1787253926,40,,Aggregated,40.000000,0.000000,300,360,400,420,470,510,540,560,640,750,750,2985,0,300,295.68293801541216,61.12739801756106,748.0008809943683,441.6793969849246
1787253927,40,,Aggregated,40.000000,0.000000,300,360,400,420,470,510,540,560,630,750,750,3027,0,300,295.20983315329244,61.12739801756106,748.0008809943683,439.991410637595
1787253928,40,,Aggregated,40.000000,0.000000,300,360,400,420,470,510,540,560,630,750,750,3067,0,300,295.16653211208,61.12739801756106,748.0008809943683,438.8148027388327
1787253929,40,,Aggregated,40.000000,0.000000,300,360,400,420,470,510,540,560,630,750,750,3105,0,300,295.0656394755967,61.12739801756106,748.0008809943683,438.29114331723025
1787253930,40,,Aggregated,40.000000,0.000000,300,360,400,420,470,510,540,560,630,750,750,3146,0,300,295.42898268966593,61.12739801756106,748.0008809943683,437.8432930705658
1787253931,40,,Aggregated,40.000000,0.000000,300,360,400,420,470,510,540,560,630,750,750,3187,0,300,295.88497646806024,61.12739801756106,748.0008809943683,437.4668967681205
1787253932,40,,Aggregated,40.000000,0.000000,300,360,400,420,470,510,540,560,630,750,750,3226,0,300,296.43982491059995,61.12739801756106,748.0008809943683,437.6339119652821
1787253933,40,,Aggregated,40.000000,0.000000,300,360,400,420,470,510,540,560,630,750,750,3268,0,300,296.72437630194764,61.12739801756106,748.0008809943683,437.07925336597305
1787253934,40,,Aggregated,40.000000,0.000000,300,360,400,420,470,510,540,560,630,750,750,3306,0,300,297.3455535081451,61.12739801756106,748.0008809943683,437.9794313369631
1787253935,40,,Aggregated,40.000000,0.000000,300,360,400,420,470,510,540,560,630,750,750,3347,0,300,296.9370217191296,61.12739801756106,748.0008809943683,436.6432626232447
1787253936,40,,Aggregated,40.000000,0.000000,300,360,400,420,470,510,540,560,630,750,750,3387,0,300,296.5992835562422,61.12739801756106,748.0008809943683,435.4765279007972
1787253937,40,,Aggregated,40.000000,0.000000,300,360,400,420,470,510,540,560,630,750,750,3425,0,300,296.6354888382395,61.12739801756106,748.0008809943683,434.68642335766424
1787253938,40,,Aggregated,40.000000,0.000000,300,360,400,420,470,510,540,560,630,750,750,3466,0,300,296.5751824613433,61.12739801756106,748.0008809943683,434.04068090017313
1787253939,40,,Aggregated,40.000000,0.000000,300,360,400,420,470,510,540,560,630,750,750,3507,0,300,296.44797005844856,61.12739801756106,748.0008809943683,432.6464214428286
1787253940,40,,Aggregated,40.000000,0.000000,300,360,400,420,470,510,540,560,630,750,750,3548,0,300,296.4541846166802,61.12739801756106,748.0008809943683,431.98167981961666
1787253941,40,,Aggregated,40.000000,0.000000,300,360,400,420,470,510,540,560,630,750,750,3585,0,300,295.860676756192,61.12739801756106,748.0008809943683,430.59163179916317
1787253942,40,,Aggregated,40.000000,0.000000,300,360,400,420,470,510,540,570,630,750,750,3628,0,300,296.5334740931699,61.12739801756106,748.0008809943683,430.973263506064
1787253943,40,,Aggregated,40.000000,0.000000,300,360,400,420,470,510,540,570,630,750,750,3666,0,300,296.5866408281425,61.12739801756106,748.0008809943683,430.4607201309329
1787253944,40,,Aggregated,40.000000,0.000000,300,360,400,420,480,510,540,570,630,750,750,3708,0,300,297.24122346492516,61.12739801756106,748.0008809943683,431.0493527508091
1787253945,40,,Aggregated,40.000000,0.000000,300,360,400,420,480,510,540,570,630,750,750,3747,0,300,297.6556620872985,61.12739801756106,748.0008809943683,430.8550840672538
1787253946,40,,Aggregated,40.000000,0.000000,300,360,400,420,480,510,540,570,630,750,750,3788,0,300,297.55393696594444,61.12739801756106,748.0008809943683,430.7064413938754
1787253947,40,,Aggregated,40.000000,0.000000,300,360,400,420,480,510,540,570,630,750,750,3827,0,300,297.84811179647085,61.12739801756106,748.0008809943683,430.65273059837995
1787253948,40,,Aggregated,40.000000,0.000000,300,360,400,420,480,510,540,570,630,750,750,3867,0,300,298.1217630561165,61.12739801756106,748.0008809943683,430.36126196017585
1787253949,40,,Aggregated,40.000000,0.000000,300,360,400,420,480,510,540,570,630,750,750,3910,0,300,297.5790796718528,61.12739801756106,748.0008809943683,428.5843989769821
1787253950,40,,Aggregated,40.000000,0.000000,300,360,400,420,480,510,540,570,630,750,750,3949,0,300,297.7890936672541,61.12739801756106,748.0008809943683,428.6487718409724
1787253951,40,,Aggregated,40.000000,0.000000,300,360,400,420,480,510,550,570,630,750,750,3988,0,300,298.3387504563696,61.12739801756106,748.0008809943683,429.05692076228684
1787253952,40,,Aggregated,40.000000,0.000000,300,360,400,420,480,510,550,570,630,750,750,4028,0,300,297.98812990218113,61.12739801756106,748.0008809943683,428.0007447864945
1787253953,40,,Aggregated,40.000000,0.000000,300,360,400,420,480,510,550,570,630,750,750,4069,0,300,298.22008782943027,61.12739801756106,748.0008809943683,428.0240845416564
1787253954,40,,Aggregated,40.000000,0.000000,300,360,400,420,480,510,550,570,630,750,750,4108,0,300,297.8798056319612,61.12739801756106,748.0008809943683,426.6365628042843
1787253955,40,,Aggregated,40.000000,0.000000,300,360,400,420,480,510,550,570,630,750,750,4148,0,300,297.76060808732854,61.12739801756106,748.0008809943683,425.5691899710704
1787253956,40,,Aggregated,40.000000,0.000000,300,360,400,420,480,510,550,570,630,750,750,4189,0,300,297.6676106436434,61.12739801756106,748.0008809943683,424.8328956791597
1787253957,40,,Aggregated,40.000000,0.000000,300,360,400,420,480,510,550,570,630,750,750,4228,0,300,297.4451927732249,61.12739801756106,748.0008809943683,424.143330179754
1787253958,40,,Aggregated,40.000000,0.000000,300,360,400,420,480,510,550,570,630,750,750,4269,0,300,297.11726047231167,61.12739801756106,748.0008809943683,423.42351838838135
1787253959,40,,Aggregated,40.000000,0.000000,300,360,400,420,480,510,540,570,630,750,750,4306,0,300,297.09797706765494,61.12739801756106,748.0008809943683,422.55503947979565
1787253960,40,,Aggregated,40.000000,0.000000,300,360,400,420,480,510,550,570,630,750,750,4348,0,300,297.35172521630335,61.12739801756106,748.0008809943683,422.5301287948482
1787253961,40,,Aggregated,40.000000,0.000000,300,360,400,420,480,510,550,570,630,750,750,4390,0,300,298.21501206979207,61.12739801756106,748.0008809943683,423.25740318906605
1787253962,40,,Aggregated,40.000000,0.000000,300,360,400,430,480,510,550,570,630,750,750,4430,0,300,298.2835222122301,61.12739801756106,748.0008809943683,423.06410835214444
1787253963,40,,Aggregated,40.000000,0.000000,300,360,400,430,480,510,550,570,630,750,750,4470,0,300,298.22313420364367,61.12739801756106,748.0008809943683,422.79328859060405
1787253964,40,,Aggregated,40.000000,0.000000,300,360,400,430,480,520,550,570,630,750,750,4510,0,300,298.70299264750423,61.12739801756106,748.0008809943683,423.0348115299335
1787253965,40,,Aggregated,40.000000,0.000000,300,360,400,430,480,520,550,570,630,750,750,4548,0,300,298.46996242221445,61.12739801756106,748.0008809943683,422.311345646438
1787253966,40,,Aggregated,40.000000,0.000000,300,360,400,430,480,520,550,570,630,750,750,4589,0,300,298.73161998241005,61.12739801756106,748.0008809943683,422.0015253867945
1787253967,40,,Aggregated,40.000000,0.000000,300,370,400,430,480,520,550,570,630,750,750,4629,0,300,299.157888986031,61.12739801756106,748.0008809943683,421.951393389501
1787253968,40,,Aggregated,40.000000,0.000000,300,360,400,430,480,520,550,570,630,750,750,4670,0,300,299.1292997994271,61.12739801756106,748.0008809943683,421.2747323340471
1787253969,40,,Aggregated,40.000000,0.000000,300,360,400,430,480,520,550,570,630,750,750,4709,0,300,299.0502672028766,61.12739801756106,748.0008809943683,420.7530261201954
1787253970,40,,Aggregated,40.000000,0.000000,300,360,400,430,480,510,550,570,630,750,750,4748,0,300,298.90149964119496,61.12739801756106,748.0008809943683,420.1661752316765
1787253971,40,,Aggregated,40.000000,0.000000,300,360,400,430,480,510,550,570,630,750,750,4788,0,300,298.8663196826178,61.12739801756106,748.0008809943683,419.72744360902254
1787253972,40,,Aggregated,40.000000,0.000000,300,370,400,430,480,520,550,570,630,750,750,4829,0,300,299.4039167504941,61.12739801756106,748.0008809943683,420.07724166494097
1787253973,40,,Aggregated,40.000000,0.000000,300,370,400,430,480,520,550,570,630,750,750,4868,0,300,299.8015709803344,61.12739801756106,748.0008809943683,420.1522185702547
1787253974,40,,Aggregated,40.000000,0.000000,300,370,400,430,480,520,550,570,630,750,750,4909,0,300,299.69619407257966,61.12739801756106,748.0008809943683,419.3426359747403
1787253975,40,,Aggregated,40.000000,0.000000,300,370,400,430,480,520,550,570,630,750,750,4952,0,300,299.81978564688524,61.12739801756106,748.0008809943683,419.13408723747983
1787253976,40,,Aggregated,40.000000,0.000000,300,370,410,430,480,520,550,570,630,750,750,4988,0,300,300.0836223286624,61.12739801756106,748.0008809943683,419.23135525260625
1787253977,40,,Aggregated,40.000000,0.000000,310,370,410,430,480,520,550,570,630,750,750,5032,0,300,300.24240866147005,61.12739801756106,748.0008809943683,419.0047694753577
1787253978,40,,Aggregated,40.000000,0.000000,310,370,410,430,480,520,550,570,630,750,750,5067,0,310,300.3629344198709,61.12739801756106,748.0008809943683,419.0092757055457
1787253979,40,,Aggregated,40.000000,0.000000,310,370,410,430,480,520,550,570,630,750,750,5111,0,310,300.56470350900224,61.12739801756106,748.0008809943683,418.9870866757973
1787253980,40,,Aggregated,40.000000,0.000000,310,370,410,430,480,520,550,570,630,750,750,5151,0,310,300.59465780671655,61.12739801756106,748.0008809943683,418.55445544554453
1787253981,40,,Aggregated,40.000000,0.000000,310,370,410,430,480,520,550,570,630,750,750,5188,0,310,300.87934112306647,61.12739801756106,748.0008809943683,418.7293754818813
1787253982,40,,Aggregated,40.000000,0.000000,310,370,410,430,480,520,550,570,630,750,750,5233,0,310,300.6709785214092,61.12739801756106,748.0008809943683,417.8612650487292
1787253983,40,,Aggregated,40.000000,0.000000,310,370,410,430,480,520,550,570,630,750,750,5269,0,310,300.6498360852978,61.12739801756106,748.0008809943683,417.5054089960144
1787253984,40,,Aggregated,40.000000,0.000000,310,370,410,430,480,520,550,570,630,750,750,5310,0,310,300.75303445790615,61.12739801756106,748.0008809943683,417.2713747645951
1787253985,40,,Aggregated,40.000000,0.000000,310,370,410,430,480,520,550,570,630,750,750,5350,0,310,300.843794657283,61.12739801756106,748.0008809943683,416.7414953271028
1787253986,40,,Aggregated,40.000000,0.000000,310,370,410,430,480,520,550,570,630,750,750,5393,0,310,300.7716316711414,61.12739801756106,748.0008809943683,416.3914333395142
1787253987,40,,Aggregated,40.000000,0.000000,310,370,410,430,480,520,550,570,630,750,750,5433,0,310,300.49739497671726,61.12739801756106,748.0008809943683,415.7347690042334
1787253988,40,,Aggregated,40.000000,0.000000,310,370,410,430,480,520,550,570,630,750,750,5470,0,310,300.578654879971,61.12739801756106,748.0008809943683,415.5765996343693
1787253989,40,,Aggregated,40.000000,0.000000,310,370,410,430,480,520,550,570,630,750,750,5515,0,310,300.55206214566545,61.12739801756106,748.0008809943683,415.3461468721668
1787253990,40,,Aggregated,40.000000,0.000000,310,370,410,430,480,520,550,570,630,750,750,5552,0,310,300.42079767026365,61.12739801756106,748.0008809943683,414.8240273775216
1787253991,40,,Aggregated,40.000000,0.000000,310,370,410,430,480,520,550,570,630,750,750,5592,0,310,300.58290376902823,61.12739801756106,748.0008809943683,414.3864449213162
1787253992,40,,Aggregated,40.000000,0.000000,310,370,410,430,480,520,550,570,630,750,750,5628,0,310,300.4368435230019,61.12739801756106,748.0008809943683,413.728500355366
1787253993,40,,Aggregated,40.000000,0.000000,310,370,410,430,480,520,550,570,630,750,750,5672,0,310,300.80407032941383,61.12739801756106,748.0008809943683,413.8415021156558
